-- phpMyAdmin SQL Dump
-- version 3.5.8.1deb1
-- http://www.phpmyadmin.net
--
-- Host: localhost
-- Generation Time: Jun 17, 2013 at 12:18 PM
-- Server version: 5.5.31-0ubuntu0.13.04.1
-- PHP Version: 5.4.9-4ubuntu2

SET SQL_MODE="NO_AUTO_VALUE_ON_ZERO";
SET time_zone = "+00:00";


/*!40101 SET @OLD_CHARACTER_SET_CLIENT=@@CHARACTER_SET_CLIENT */;
/*!40101 SET @OLD_CHARACTER_SET_RESULTS=@@CHARACTER_SET_RESULTS */;
/*!40101 SET @OLD_COLLATION_CONNECTION=@@COLLATION_CONNECTION */;
/*!40101 SET NAMES utf8 */;

--
-- Database: `coursecreek`
--

-- --------------------------------------------------------

--
-- Table structure for table `content`
--

CREATE TABLE IF NOT EXISTS `content` (
  `id` int(11) NOT NULL AUTO_INCREMENT,
  `title` varchar(500) COLLATE utf8_unicode_ci NOT NULL,
  `course_id` int(11) NOT NULL,
  `parent_id` int(11) NOT NULL DEFAULT '-1',
  `detail` text COLLATE utf8_unicode_ci,
  `show_order` tinyint(3) NOT NULL DEFAULT '1',
  `file_id` int(11) DEFAULT NULL,
  `is_exercise` tinyint(1) NOT NULL,
  PRIMARY KEY (`id`),
  KEY `idx_course_id` (`course_id`)
) ENGINE=InnoDB  DEFAULT CHARSET=utf8 COLLATE=utf8_unicode_ci AUTO_INCREMENT=33 ;

--
-- Dumping data for table `content`
--

INSERT INTO `content` (`id`, `title`, `course_id`, `parent_id`, `detail`, `show_order`, `file_id`, `is_exercise`) VALUES
(1, 'what is yii?', 2, -1, '<p>yii description</p>\r\n', 0, NULL, 0),
(8, 'why yii', 2, 1, '', 1, 12, 0),
(9, 'exercise 1', 2, 1, '', 1, NULL, 1),
(10, 'unit 1', 3, -1, '<p>ทดสอบ</p>\r\n', 1, NULL, 0),
(11, 'ทดสอบ', 3, 10, '<p><iframe src="/coursecreek/index.php?r=post/CreateVideoIFrame&amp;id=37" height="500px" width="700px" class="iframe-vdo"></iframe><img src="images/file_icon/general.gif" unselectable="on"> <a href="files/1/files/coursecreek_qnn2uz6ykmaetofl0p34urebdk3rcjihewn6exsacoegua5ge50rsrv_darkwood_floor_1920x1200.jpg" title="Download" class="editor-attch"> darkwood_floor_1920x1200.jpg </a>&nbsp;<br>\r\n\r\n</p>\r\n', 1, 40, 0),
(12, 'ะำหะ', 3, 10, '', 1, NULL, 1),
(13, 'Introduction', 4, -1, '', 0, NULL, 0),
(14, 'Introduction Why Study Algorithms?', 4, 13, '<p><img src="images/file_icon/icon_pdf.png"> <a href="files/4/files/coursecreek_5xeahek0ud0ren3rrqceagneuukamz65lovwn3go26fyicjtessp4rb_1_slides_algo-intro-annotated-final.pdf" title="Download" class="editor-attch"> 1_slides_algo-intro-annotated-final.pdf </a>&nbsp;<br>\r\n</p>\r\n', 1, 42, 0),
(15, 'about-annotated', 4, 13, '<p><img src="images/file_icon/icon_pdf.png" unselectable="on"> <a href="files/4/files/coursecreek_nh6ucapn5reorcormen5agqesfg230bv0uyr4j3dukwaeleiex6kszt_2_slides_algo-about-annotated.pdf" title="Download" class="editor-attch"> 2_slides_algo-about-annotated.pdf </a>&nbsp;<br>\r\n\r\n</p>\r\n<p><img src="images/file_icon/general.gif"> <a href="files/4/files/coursecreek_u3bo4coumwggee2arcq65f0xsavdslpektur65enneiz3yhne0jarkr_slides_algo-merge2-annotated.pptx" title="Download" class="editor-attch"> slides_algo-merge2-annotated.pptx </a>&nbsp;<br>\r\n</p>\r\n', 2, 44, 0),
(16, 'merge1', 4, 13, '<p><img src="images/file_icon/general.gif"> <a href="files/4/files/coursecreek_y3eomae4e0pgaes0dhkxuigcrenkbe66uurvza25lqrcowjfn35tsnr_slides_algo-merge1-annotated.pptx" title="Download" class="editor-attch"> slides_algo-merge1-annotated.pptx </a>&nbsp;<br>\r\n</p>\r\n<p><img src="images/file_icon/icon_pdf.png"> <a href="files/4/files/coursecreek_qlnne0ujuz4crmay6b5irf3k32kw6oaggvernc0dapxtoseeeru5she_3_slides_algo-merge1.pdf" title="Download" class="editor-attch"> 3_slides_algo-merge1.pdf </a>&nbsp;<br>\r\n</p>\r\n', 3, 48, 0),
(17, 'MergeSort-2', 4, 13, '<p><img src="images/file_icon/icon_pdf.png"> <a href="files/4/files/coursecreek_3wr4g0af6mu5u3lxkbcneerjit5zpd6oqehaeacees0rkvusnrgnyo2_4_slides_algo-merge2.pdf" title="Download" class="editor-attch"> 4_slides_algo-merge2.pdf </a>&nbsp;<br>\r\n</p>\r\n', 4, 50, 0),
(18, 'merge-2.', 4, 13, '<p><img src="http://localhost/coursecreek/images/file_icon/icon_pdf.png">&nbsp;<a href="http://localhost/coursecreek/files/4/files/coursecreek_fotrar5ognpeu40ye3lmedxgrw6n3rsz0uasan5ve2keecq6ukjbich_4_slides_algo-merge2.pdf" title="Download">4_slides_algo-merge2.pdf&nbsp;</a>&nbsp;<br>\r\n\r\n</p>\r\n\r\n<p><img src="http://localhost/coursecreek/images/file_icon/general.gif">&nbsp;<a href="http://localhost/coursecreek/files/4/files/coursecreek_skeennatg04eequjgc5rsma3ohx56uiczalubd3oe6enfrr0vywp2kr_slides_algo-merge2-annotated.pptx" title="Download">slides_algo-merge2-annotated.pptx&nbsp;</a>&nbsp;<span id="pastemarkerend">&nbsp;</span></p>\r\n', 5, 53, 0),
(19, 'Asymptotic Analysis', 4, -1, '', 6, NULL, 0),
(20, 'Asymptotic-1', 4, 19, '<p><img src="images/file_icon/icon_pdf.png"> <a href="files/4/files/coursecreek_xhs0jnogkaem0wnepres6grlotzqiber4255yefre3ucvak36ucdaun_1_slides_algo-asymptotic1.pdf" title="Download" class="editor-attch"> 1_slides_algo-asymptotic1.pdf </a>&nbsp;<br>\r\n</p>\r\n', 7, 55, 0),
(21, 'Asymptotic-2', 4, 19, '<p><img src="images/file_icon/icon_pdf.png"> <a href="files/4/files/coursecreek_m3opj60xwserneegkhanobaevuduu4255ek6faiqlgy0nretcrr3scz_2_slides_algo-asymptotic2.pdf" title="Download" class="editor-attch"> 2_slides_algo-asymptotic2.pdf </a>&nbsp;<br>\r\n</p>\r\n', 8, 57, 0),
(22, 'asymptotic-3', 4, 19, '<p><img src="images/file_icon/icon_pdf.png"> <a href="files/4/files/coursecreek_u0qygkswu5zrrxpee6eafasg6kmae30rdr3nu4ovbhe2eloi5tccnjn_3_slides_algo-asymptotic3.pdf" title="Download" class="editor-attch"> 3_slides_algo-asymptotic3.pdf </a>&nbsp;<br>\r\n</p>\r\n', 9, 59, 0),
(23, 'Asymptotic-4', 4, 19, '<p><img src="images/file_icon/icon_pdf.png"> <a href="files/4/files/coursecreek_0fuautwnmepxa3lirngve5rc4kaneouc6z6syq2dbhjs5eg3eroe0rk_4_slides_algo-asymptotic4.pdf" title="Download" class="editor-attch"> 4_slides_algo-asymptotic4.pdf </a>&nbsp;<br>\r\n</p>\r\n', 11, 61, 0),
(24, 'Divide and Conquer', 4, -1, '', 12, NULL, 0),
(26, 'inversion2', 4, 24, '<p><img src="images/file_icon/icon_pdf.png"> <a href="files/4/files/coursecreek_zgl5ct5oy3kpvr0xaean0ikcefwuuseh6ndum2oqree4bars3rgnej6_2_slides_algo-asymptotic2.pdf" title="Download" class="editor-attch"> 2_slides_algo-asymptotic2.pdf </a>&nbsp;<br>\r\n</p>\r\n', 15, 65, 0),
(27, 'inversion1', 4, 24, '<p><img src="images/file_icon/icon_pdf.png"> <a href="files/4/files/coursecreek_epgrnbdohuakcaxaknse50jolw60ueznvig3ce32rresy4ef5qrmut6_1_slides_algo-inversions1.pdf" title="Download" class="editor-attch"> 1_slides_algo-inversions1.pdf </a>&nbsp;<br>\r\n</p>\r\n', 14, 67, 0),
(28, 'strassen', 4, 24, '<p style="text-align: left;"><img src="images/file_icon/icon_pdf.png"> <a href="files/4/files/coursecreek_amef0ehnua4rudekol32griywnrb0v6gzekncsxo55e6re3upqsjtca_3_slides_algo-strassen.pdf" title="Download" class="editor-attch"> 3_slides_algo-strassen.pdf </a>&nbsp;<br>\r\n</p>\r\n', 16, 69, 0),
(29, 'Closest', 4, 24, '<p><img src="images/file_icon/icon_pdf.png"> <a href="files/4/files/coursecreek_l3r6yranzkhuue0edgbnuek2osavic3fpeocwj5ns506mgrxqe4tera_4_slides_algo-closest1.pdf" title="Download" class="editor-attch"> 4_slides_algo-closest1.pdf </a>&nbsp;<br>\r\n</p>\r\n', 17, 71, 0),
(30, 'Closest-2', 4, 24, '<p><img src="images/file_icon/icon_pdf.png"> <a href="files/4/files/coursecreek_nsrakgpeamzrfghe2vei5rrqn3y5duuate0uxes463o0c6cjkelwobn_5_slides_algo-closest2.pdf" title="Download" class="editor-attch"> 5_slides_algo-closest2.pdf </a>&nbsp;<br>\r\n</p>\r\n', 13, 73, 0),
(31, 'Programming Questions', 4, 19, '<p>Please answer the following questions<br>\r\n\r\n</p>\r\n', 10, NULL, 1),
(32, 'Quiz', 4, 13, '<p>Please do the quiz!<br>\r\n</p>\r\n', 1, NULL, 1);

-- --------------------------------------------------------

--
-- Stand-in structure for view `content_info`
--
CREATE TABLE IF NOT EXISTS `content_info` (
`course_id` int(11)
,`course_name` varchar(500)
,`number_of_content` bigint(21)
);
-- --------------------------------------------------------

--
-- Table structure for table `coupon`
--

CREATE TABLE IF NOT EXISTS `coupon` (
  `id` int(11) NOT NULL AUTO_INCREMENT,
  `code` varchar(500) COLLATE utf8_unicode_ci NOT NULL,
  `discount` tinyint(3) NOT NULL,
  `expire_date` date NOT NULL,
  `qty_use` tinyint(5) NOT NULL DEFAULT '1',
  `detail` varchar(1000) COLLATE utf8_unicode_ci DEFAULT NULL,
  `create_date` datetime NOT NULL,
  `course_id` int(11) NOT NULL DEFAULT '-1',
  `user_id` int(11) NOT NULL,
  PRIMARY KEY (`id`),
  KEY `idx_course_id` (`course_id`),
  KEY `idx_user_id` (`user_id`)
) ENGINE=InnoDB  DEFAULT CHARSET=utf8 COLLATE=utf8_unicode_ci AUTO_INCREMENT=1012 ;

--
-- Dumping data for table `coupon`
--

INSERT INTO `coupon` (`id`, `code`, `discount`, `expire_date`, `qty_use`, `detail`, `create_date`, `course_id`, `user_id`) VALUES
(1, '7e1nH$Mc18Jc', 10, '2013-06-30', 1, '', '2013-06-14 14:21:07', 2, 1),
(2, '7EDceU44G1P11', 10, '2013-06-25', 1, '', '2013-06-14 14:22:13', 2, 1),
(3, '7d6nQA51P2e1p', 10, '2013-06-25', 1, '', '2013-06-14 14:22:13', 2, 1),
(4, '7Xasvy1613k$D', 10, '2013-06-25', 1, '', '2013-06-14 14:22:13', 2, 1),
(5, '70Qa1au1cs74J', 10, '2013-06-25', 1, '', '2013-06-14 14:22:13', 2, 1),
(6, '711clTQC8uVe5', 10, '2013-06-25', 1, '', '2013-06-14 14:22:13', 2, 1),
(7, '70r9Cf1ul6H1R', 10, '2013-06-25', 1, '', '2013-06-14 14:22:13', 2, 1),
(8, '7woqN207Y1Fwn', 10, '2013-06-25', 1, '', '2013-06-14 14:22:13', 2, 1),
(9, '7e1m82XnZrR1y', 10, '2013-06-25', 1, '', '2013-06-14 14:22:13', 2, 1),
(10, '79eLn2rK12pMX', 10, '2013-06-25', 1, '', '2013-06-14 14:22:13', 2, 1),
(11, '720x0M11y3P4na', 10, '2013-06-25', 1, '', '2013-06-14 14:22:13', 2, 1),
(12, '7W2r14wme41#12', 10, '2013-06-25', 1, '', '2013-06-14 14:22:13', 2, 1),
(13, '72%wRJ1B1q5d2F', 10, '2013-06-25', 1, '', '2013-06-14 14:22:13', 2, 1),
(14, '76y1L1vWXKa2d3', 10, '2013-06-25', 1, '', '2013-06-14 14:22:13', 2, 1),
(15, '74Jje1l1a2ur7X', 10, '2013-06-25', 1, '', '2013-06-14 14:22:13', 2, 1),
(16, '71052a8YDo1Hpa', 10, '2013-06-25', 1, '', '2013-06-14 14:22:13', 2, 1),
(17, '761522oee1s9er', 10, '2013-06-25', 1, '', '2013-06-14 14:22:13', 2, 1),
(18, '74B1n0r3731DxU', 10, '2013-06-25', 1, '', '2013-06-14 14:22:13', 2, 1),
(19, '7w38S5eNgZ111u', 10, '2013-06-25', 1, '', '2013-06-14 14:22:13', 2, 1),
(20, '7v1r39cyM3jC12', 10, '2013-06-25', 1, '', '2013-06-14 14:22:13', 2, 1),
(21, '712e0IKeX3Y3a#', 10, '2013-06-25', 1, '', '2013-06-14 14:22:13', 2, 1),
(22, '7f2sue113nf540', 10, '2013-06-25', 1, '', '2013-06-14 14:22:13', 2, 1),
(23, '7$knuCQ5c21l32', 10, '2013-06-25', 1, '', '2013-06-14 14:22:13', 2, 1),
(24, '7362&Uy52hA316', 10, '2013-06-25', 1, '', '2013-06-14 14:22:13', 2, 1),
(25, '77342Pg0n3Zh1R', 10, '2013-06-25', 1, '', '2013-06-14 14:22:13', 2, 1),
(26, '7ges5a8a23eR$1', 10, '2013-06-25', 1, '', '2013-06-14 14:22:13', 2, 1),
(27, '79@eH1Rr32a6Gn', 10, '2013-06-25', 1, '', '2013-06-14 14:22:13', 2, 1),
(28, '7u%qe420D7X@1e', 10, '2013-06-25', 1, '', '2013-06-14 14:22:13', 2, 1),
(29, '7g214p0Vua8@1N', 10, '2013-06-25', 1, '', '2013-06-14 14:22:13', 2, 1),
(30, '7Z231qp4r29$aW', 10, '2013-06-25', 1, '', '2013-06-14 14:22:13', 2, 1),
(31, '74E1e33r0I2S3a', 10, '2013-06-25', 1, '', '2013-06-14 14:22:13', 2, 1),
(32, '7el41U3$4i1rOe', 10, '2013-06-25', 1, '', '2013-06-14 14:22:13', 2, 1),
(33, '735gcen3z2M41R', 10, '2013-06-25', 1, '', '2013-06-14 14:22:13', 2, 1),
(34, '71B3&L6mn3l4k3', 10, '2013-06-25', 1, '', '2013-06-14 14:22:13', 2, 1),
(35, '72uL1w4%374PQs', 10, '2013-06-25', 1, '', '2013-06-14 14:22:13', 2, 1),
(36, '7u3Dk54eQL1e8x', 10, '2013-06-25', 1, '', '2013-06-14 14:22:13', 2, 1),
(37, '7D4A31M65g9oGh', 10, '2013-06-25', 1, '', '2013-06-14 14:22:13', 2, 1),
(38, '7710Tn2e3#55vx', 10, '2013-06-25', 1, '', '2013-06-14 14:22:13', 2, 1),
(39, '7ja1c845fR3$1s', 10, '2013-06-25', 1, '', '2013-06-14 14:22:13', 2, 1),
(40, '759C2Br35L014n', 10, '2013-06-25', 1, '', '2013-06-14 14:22:13', 2, 1),
(41, '74W1U$B53ekh0p', 10, '2013-06-25', 1, '', '2013-06-14 14:22:13', 2, 1),
(42, '74g5415HZ3Y1od', 10, '2013-06-25', 1, '', '2013-06-14 14:22:13', 2, 1),
(43, '7VRH5315eu4e02', 10, '2013-06-25', 1, '', '2013-06-14 14:22:13', 2, 1),
(44, '7Dc4t5i13coRC6', 10, '2013-06-25', 1, '', '2013-06-14 14:22:13', 2, 1),
(45, '7hC4e4t7FaZ1s5', 10, '2013-06-25', 1, '', '2013-06-14 14:22:13', 2, 1),
(46, '7Re$P551e48rk0', 10, '2013-06-25', 1, '', '2013-06-14 14:22:13', 2, 1),
(47, '7N5Xv4krkE961c', 10, '2013-06-25', 1, '', '2013-06-14 14:22:13', 2, 1),
(48, '7BQ7jB1ReL164z', 10, '2013-06-25', 1, '', '2013-06-14 14:22:13', 2, 1),
(49, '741ckAL068E632', 10, '2013-06-25', 1, '', '2013-06-14 14:22:13', 2, 1),
(50, '74f6H19n32oCc3', 10, '2013-06-25', 1, '', '2013-06-14 14:22:13', 2, 1),
(51, '7M5OgxZva4G016', 10, '2013-06-25', 1, '', '2013-06-14 14:22:13', 2, 1),
(52, '751aek5ngr1ex6', 10, '2013-06-25', 1, '', '2013-06-14 14:22:13', 2, 1),
(53, '766c1r32I6cm5o', 10, '2013-06-25', 1, '', '2013-06-14 14:22:13', 2, 1),
(54, '7765%6I51R3vsg', 10, '2013-06-25', 1, '', '2013-06-14 14:22:13', 2, 1),
(55, '7@&u6558mW14oB', 10, '2013-06-25', 1, '', '2013-06-14 14:22:13', 2, 1),
(56, '7PkQ05w561kr59', 10, '2013-06-25', 1, '', '2013-06-14 14:22:13', 2, 1),
(57, '7n6C7Ldc01e5u6', 10, '2013-06-25', 1, '', '2013-06-14 14:22:13', 2, 1),
(58, '7Ck17j1y5rpKu7', 10, '2013-06-25', 1, '', '2013-06-14 14:22:13', 2, 1),
(59, '7187ee3r%5kMe2', 10, '2013-06-25', 1, '', '2013-06-14 14:22:13', 2, 1),
(60, '7e3pQc71e6&w95', 10, '2013-06-25', 1, '', '2013-06-14 14:22:13', 2, 1),
(61, '7W4F6k0egd7%1h', 10, '2013-06-25', 1, '', '2013-06-14 14:22:13', 2, 1),
(62, '7He765snN@1f1#', 10, '2013-06-25', 1, '', '2013-06-14 14:22:13', 2, 1),
(63, '71hQF6yPn6i72D', 10, '2013-06-25', 1, '', '2013-06-14 14:22:13', 2, 1),
(64, '7C7OY5F731L6aF', 10, '2013-06-25', 1, '', '2013-06-14 14:22:13', 2, 1),
(65, '774Fa1In8uCuu6', 10, '2013-06-25', 1, '', '2013-06-14 14:22:13', 2, 1),
(66, '7967nu5JM1CO$6', 10, '2013-06-25', 1, '', '2013-06-14 14:22:13', 2, 1),
(67, '72Dts1nu86X620', 10, '2013-06-25', 1, '', '2013-06-14 14:22:13', 2, 1),
(68, '7LO87YCn16rWk1', 10, '2013-06-25', 1, '', '2013-06-14 14:22:13', 2, 1),
(69, '78566128aEu33o', 10, '2013-06-25', 1, '', '2013-06-14 14:22:13', 2, 1),
(70, '7URa64nx1c938h', 10, '2013-06-25', 1, '', '2013-06-14 14:22:13', 2, 1),
(71, '7a40F8O7s4wsT1', 10, '2013-06-25', 1, '', '2013-06-14 14:22:13', 2, 1),
(72, '715nsO8s1G7ZUd', 10, '2013-06-25', 1, '', '2013-06-14 14:22:13', 2, 1),
(73, '7%1ea27#6aP8EJ', 10, '2013-06-25', 1, '', '2013-06-14 14:22:13', 2, 1),
(74, '737w1rK7PAs8Ha', 10, '2013-06-25', 1, '', '2013-06-14 14:22:13', 2, 1),
(75, '7Y4O867Sb8R1Te', 10, '2013-06-25', 1, '', '2013-06-14 14:22:13', 2, 1),
(76, '71vN87Z5Ara5s9', 10, '2013-06-25', 1, '', '2013-06-14 14:22:13', 2, 1),
(77, '70dC61f9A7moMy', 10, '2013-06-25', 1, '', '2013-06-14 14:22:13', 2, 1),
(78, '7Qo$71190utk7&', 10, '2013-06-25', 1, '', '2013-06-14 14:22:13', 2, 1),
(79, '7m29z2seN7&18g', 10, '2013-06-25', 1, '', '2013-06-14 14:22:13', 2, 1),
(80, '71i4cQ993ruXh7', 10, '2013-06-25', 1, '', '2013-06-14 14:22:13', 2, 1),
(81, '7%94&861LE$f0u', 10, '2013-06-25', 1, '', '2013-06-14 14:22:13', 2, 1),
(82, '7e5619zW8#0KS1', 10, '2013-06-25', 1, '', '2013-06-14 14:22:13', 2, 1),
(83, '79LaN2$k6681&H', 10, '2013-06-25', 1, '', '2013-06-14 14:22:13', 2, 1),
(84, '7Dot139r2k768M', 10, '2013-06-25', 1, '', '2013-06-14 14:22:13', 2, 1),
(85, '798%R48O1u@rey', 10, '2013-06-25', 1, '', '2013-06-14 14:22:13', 2, 1),
(86, '7RbEeo8Hl1r959', 10, '2013-06-25', 1, '', '2013-06-14 14:22:13', 2, 1),
(87, '7G8s00eNT1D6eg1', 10, '2013-06-25', 1, '', '2013-06-14 14:22:13', 2, 1),
(88, '778H11ZKn1cr0@c', 10, '2013-06-25', 1, '', '2013-06-14 14:22:13', 2, 1),
(89, '78or2Ob@A181U60', 10, '2013-06-25', 1, '', '2013-06-14 14:22:13', 2, 1),
(90, '71014rTuJF9k#38', 10, '2013-06-25', 1, '', '2013-06-14 14:22:13', 2, 1),
(91, '7e1n1304e@9uO30', 10, '2013-06-25', 1, '', '2013-06-14 14:22:13', 2, 1),
(92, '70G95ZP116e$1iQ', 10, '2013-06-25', 1, '', '2013-06-14 14:22:13', 2, 1),
(93, '706259C1H1rkGmN', 10, '2013-06-25', 1, '', '2013-06-14 14:22:13', 2, 1),
(94, '7907g21Q1%3YrsP', 10, '2013-06-25', 1, '', '2013-06-14 14:22:13', 2, 1),
(95, '7gQl0e011r48yF9', 10, '2013-06-25', 1, '', '2013-06-14 14:22:13', 2, 1),
(96, '75O1ja309%9er1v', 10, '2013-06-25', 1, '', '2013-06-14 14:22:13', 2, 1),
(97, '79P6ec11mr0XY1c', 10, '2013-06-25', 1, '', '2013-06-14 14:22:13', 2, 1),
(98, '7911S71E6Mg1goB', 10, '2013-06-25', 1, '', '2013-06-14 14:22:13', 2, 1),
(99, '78aa1uw10291JPm', 10, '2013-06-25', 1, '', '2013-06-14 14:22:13', 2, 1),
(100, '7tvD9$g11513A9c', 10, '2013-06-25', 1, '', '2013-06-14 14:22:13', 2, 1),
(101, '7410Pb1JI3P1@501', 10, '2013-06-25', 1, '', '2013-06-14 14:22:13', 2, 1),
(102, '7mY0511Su1or11Xg', 10, '2013-06-25', 1, '', '2013-06-14 14:22:13', 2, 1),
(103, '70d1ei2sk61115eK', 10, '2013-06-25', 1, '', '2013-06-14 14:22:13', 2, 1),
(104, '7n76e1r3fY11n1v0', 10, '2013-06-25', 1, '', '2013-06-14 14:22:13', 2, 1),
(105, '711m80k46joT1d31', 10, '2013-06-25', 1, '', '2013-06-14 14:22:13', 2, 1),
(106, '7905LM1V11tu1u3l', 10, '2013-06-25', 1, '', '2013-06-14 14:22:13', 2, 1),
(107, '7x$Sd0&1120r61aV', 10, '2013-06-25', 1, '', '2013-06-14 14:22:13', 2, 1),
(108, '7071g1eu6er211en', 10, '2013-06-25', 1, '', '2013-06-14 14:22:13', 2, 1),
(109, '7v2oeJr121010Fp8', 10, '2013-06-25', 1, '', '2013-06-14 14:22:13', 2, 1),
(110, '72n931K&r3r011rs', 10, '2013-06-25', 1, '', '2013-06-14 14:22:13', 2, 1),
(111, '712Zg11VpV02q4n1', 10, '2013-06-25', 1, '', '2013-06-14 14:22:13', 2, 1),
(112, '7Fa1155&eL1%1w21', 10, '2013-06-25', 1, '', '2013-06-14 14:22:13', 2, 1),
(113, '711s16f1ek3X2h20', 10, '2013-06-25', 1, '', '2013-06-14 14:22:13', 2, 1),
(114, '7137lH1e13lV2%1L', 10, '2013-06-25', 1, '', '2013-06-14 14:22:13', 2, 1),
(115, '75c182614PrM1s1S', 10, '2013-06-25', 1, '', '2013-06-14 14:22:13', 2, 1),
(116, '75C12Ee1evu019B1', 10, '2013-06-25', 1, '', '2013-06-14 14:22:13', 2, 1),
(117, '73giC0f161M0s1k1', 10, '2013-06-25', 1, '', '2013-06-14 14:22:13', 2, 1),
(118, '71DI1123X1k7lSr1', 10, '2013-06-25', 1, '', '2013-06-14 14:22:13', 2, 1),
(119, '71112bgYZG3zGE18', 10, '2013-06-25', 1, '', '2013-06-14 14:22:13', 2, 1),
(120, '71ji9p1ZXen131q3', 10, '2013-06-25', 1, '', '2013-06-14 14:22:13', 2, 1),
(121, '7lg1ue43e15201fr', 10, '2013-06-25', 1, '', '2013-06-14 14:22:13', 2, 1),
(122, '71@sr1jQ2r53u11n', 10, '2013-06-25', 1, '', '2013-06-14 14:22:13', 2, 1),
(123, '721enhVY16Ae132f', 10, '2013-06-25', 1, '', '2013-06-14 14:22:13', 2, 1),
(124, '7G3g3271xumC11o&', 10, '2013-06-25', 1, '', '2013-06-14 14:22:13', 2, 1),
(125, '7w1r2k1aJR138n4S', 10, '2013-06-25', 1, '', '2013-06-14 14:22:13', 2, 1),
(126, '7uw616@5W301X129', 10, '2013-06-25', 1, '', '2013-06-14 14:22:13', 2, 1),
(127, '7@1u06U4F62kQf11', 10, '2013-06-25', 1, '', '2013-06-14 14:22:13', 2, 1),
(128, '741cMq1aN3ee2171', 10, '2013-06-25', 1, '', '2013-06-14 14:22:13', 2, 1),
(129, '7&c18Wkn4T1p212R', 10, '2013-06-25', 1, '', '2013-06-14 14:22:13', 2, 1),
(130, '71%a91Ay326br641', 10, '2013-06-25', 1, '', '2013-06-14 14:22:13', 2, 1),
(131, '7&e1J04$311gzR40', 10, '2013-06-25', 1, '', '2013-06-14 14:22:13', 2, 1),
(132, '7KNJ111et1f5g4s3', 10, '2013-06-25', 1, '', '2013-06-14 14:22:13', 2, 1),
(133, '70%3246ahv11YNp1', 10, '2013-06-25', 1, '', '2013-06-14 14:22:13', 2, 1),
(134, '7147Bk34n311arYu', 10, '2013-06-25', 1, '', '2013-06-14 14:22:13', 2, 1),
(135, '7$4sJ3f48G1cr1s1', 10, '2013-06-25', 1, '', '2013-06-14 14:22:13', 2, 1),
(136, '71g54G01vuq59e31', 10, '2013-06-25', 1, '', '2013-06-14 14:22:13', 2, 1),
(137, '7l36C112u0a@15&a', 10, '2013-06-25', 1, '', '2013-06-14 14:22:13', 2, 1),
(138, '77P13e@f15znn1B1', 10, '2013-06-25', 1, '', '2013-06-14 14:22:13', 2, 1),
(139, '730125Wn1Yy1wPH8', 10, '2013-06-25', 1, '', '2013-06-14 14:22:13', 2, 1),
(140, '7wu25nAv1H039311', 10, '2013-06-25', 1, '', '2013-06-14 14:22:13', 2, 1),
(141, '71Mb%15Be01#4Ns4', 10, '2013-06-25', 1, '', '2013-06-14 14:22:13', 2, 1),
(142, '715i14au5j1e1cNO', 10, '2013-06-25', 1, '', '2013-06-14 14:22:13', 2, 1),
(143, '72p1416Ud1%Lor54', 10, '2013-06-25', 1, '', '2013-06-14 14:22:13', 2, 1),
(144, '7Uo35E1J1quH74o1', 10, '2013-06-25', 1, '', '2013-06-14 14:22:13', 2, 1),
(145, '7o1b4g258i1g1G04', 10, '2013-06-25', 1, '', '2013-06-14 14:22:13', 2, 1),
(146, '75z911AEke3014g5', 10, '2013-06-25', 1, '', '2013-06-14 14:22:13', 2, 1),
(147, '7JmazLl611640C1y', 10, '2013-06-25', 1, '', '2013-06-14 14:22:13', 2, 1),
(148, '7614ZOFvs7G11$13', 10, '2013-06-25', 1, '', '2013-06-14 14:22:13', 2, 1),
(149, '72&13b18glM4M6&1', 10, '2013-06-25', 1, '', '2013-06-14 14:22:13', 2, 1),
(150, '76eu4M9e#O1j11@3', 10, '2013-06-25', 1, '', '2013-06-14 14:22:13', 2, 1),
(151, '7uJ501T4$4ws6511', 10, '2013-06-25', 1, '', '2013-06-14 14:22:13', 2, 1),
(152, '7&I6zgV5g1ss5111', 10, '2013-06-25', 1, '', '2013-06-14 14:22:13', 2, 1),
(153, '76g3611ekW1b%52Y', 10, '2013-06-25', 1, '', '2013-06-14 14:22:13', 2, 1),
(154, '7RvA&7r16Ye531E1', 10, '2013-06-25', 1, '', '2013-06-14 14:22:13', 2, 1),
(155, '761n8uMJ14V514xo', 10, '2013-06-25', 1, '', '2013-06-14 14:22:13', 2, 1),
(156, '71e1s1w3RJ5Lu695', 10, '2013-06-25', 1, '', '2013-06-14 14:22:13', 2, 1),
(157, '71fr5M1107aB6lgV', 10, '2013-06-25', 1, '', '2013-06-14 14:22:13', 2, 1),
(158, '7Ku1uE177&1Kgf15', 10, '2013-06-25', 1, '', '2013-06-14 14:22:13', 2, 1),
(159, '751sO&1L21U57ND8', 10, '2013-06-25', 1, '', '2013-06-14 14:22:13', 2, 1),
(160, '7T117CLAng9w1u53', 10, '2013-06-25', 1, '', '2013-06-14 14:22:13', 2, 1),
(161, '71ji1u160x74mYPh', 10, '2013-06-25', 1, '', '2013-06-14 14:22:13', 2, 1),
(162, '7rAA1X16vu115ah7', 10, '2013-06-25', 1, '', '2013-06-14 14:22:13', 2, 1),
(163, '74c72HM61if1r6l1', 10, '2013-06-25', 1, '', '2013-06-14 14:22:13', 2, 1),
(164, '7a316PbC7e67311g', 10, '2013-06-25', 1, '', '2013-06-14 14:22:13', 2, 1),
(165, '75@gN8s1r641J1L7', 10, '2013-06-25', 1, '', '2013-06-14 14:22:13', 2, 1),
(166, '7T4eE76R16u11559', 10, '2013-06-25', 1, '', '2013-06-14 14:22:13', 2, 1),
(167, '7ec166&ve11cj08R', 10, '2013-06-25', 1, '', '2013-06-14 14:22:13', 2, 1),
(168, '71cB5g81#V71m61v', 10, '2013-06-25', 1, '', '2013-06-14 14:22:13', 2, 1),
(169, '7160r8S2811nHWsZ', 10, '2013-06-25', 1, '', '2013-06-14 14:22:13', 2, 1),
(170, '732uKr8191e16o3S', 10, '2013-06-25', 1, '', '2013-06-14 14:22:13', 2, 1),
(171, '71Y6P47S8mcE110D', 10, '2013-06-25', 1, '', '2013-06-14 14:22:13', 2, 1),
(172, '7e8D10r1H5rl171s', 10, '2013-06-25', 1, '', '2013-06-14 14:22:13', 2, 1),
(173, '762rMjc111Yxp#87', 10, '2013-06-25', 1, '', '2013-06-14 14:22:13', 2, 1),
(174, '7K735V1371Wa81Wu', 10, '2013-06-25', 1, '', '2013-06-14 14:22:13', 2, 1),
(175, '71CB841ogx57n81F', 10, '2013-06-25', 1, '', '2013-06-14 14:22:13', 2, 1),
(176, '7Q$Vs191A58e7&1i', 10, '2013-06-25', 1, '', '2013-06-14 14:22:13', 2, 1),
(177, '771e6e91f1jeuM1Q', 10, '2013-06-25', 1, '', '2013-06-14 14:22:13', 2, 1),
(178, '7a71mhnTf211K97I', 10, '2013-06-25', 1, '', '2013-06-14 14:22:13', 2, 1),
(179, '71cT1u337N389B1k', 10, '2013-06-25', 1, '', '2013-06-14 14:22:13', 2, 1),
(180, '7Wc49%m0117ug1A9', 10, '2013-06-25', 1, '', '2013-06-14 14:22:13', 2, 1),
(181, '7g815C19401oGW2e', 10, '2013-06-25', 1, '', '2013-06-14 14:22:13', 2, 1),
(182, '7x1ojROW11896n1n', 10, '2013-06-25', 1, '', '2013-06-14 14:22:13', 2, 1),
(183, '791o15g7LA83t21Q', 10, '2013-06-25', 1, '', '2013-06-14 14:22:13', 2, 1),
(184, '7laW8#py84195131', 10, '2013-06-25', 1, '', '2013-06-14 14:22:13', 2, 1),
(185, '7s90n@11241zJC98', 10, '2013-06-25', 1, '', '2013-06-14 14:22:13', 2, 1),
(186, '7KA08mG11Te2050t', 10, '2013-06-25', 1, '', '2013-06-14 14:22:13', 2, 1),
(187, '7rMb82oeX10166y1', 10, '2013-06-25', 1, '', '2013-06-14 14:22:13', 2, 1),
(188, '782e71#r02i1D20&', 10, '2013-06-25', 1, '', '2013-06-14 14:22:13', 2, 1),
(189, '7e30u514IMg218D8', 10, '2013-06-25', 1, '', '2013-06-14 14:22:13', 2, 1),
(190, '7D44191waB82A3u0', 10, '2013-06-25', 1, '', '2013-06-14 14:22:13', 2, 1),
(191, '7910huJ33u01520a', 10, '2013-06-25', 1, '', '2013-06-14 14:22:13', 2, 1),
(192, '7NWYme110G61269H', 10, '2013-06-25', 1, '', '2013-06-14 14:22:13', 2, 1),
(193, '7f1ilj071#r293u2', 10, '2013-06-25', 1, '', '2013-06-14 14:22:13', 2, 1),
(194, '7YdATDn08nE32191', 10, '2013-06-25', 1, '', '2013-06-14 14:22:13', 2, 1),
(195, '71X0NZb4914o29yu', 10, '2013-06-25', 1, '', '2013-06-14 14:22:13', 2, 1),
(196, '75vtusX1u@921n10', 10, '2013-06-25', 1, '', '2013-06-14 14:22:13', 2, 1),
(197, '76519V11S&aRD2a1', 10, '2013-06-25', 1, '', '2013-06-14 14:22:13', 2, 1),
(198, '7IgrE71o19n22g1e', 10, '2013-06-25', 1, '', '2013-06-14 14:22:13', 2, 1),
(199, '7yG15rJ143l2r981', 10, '2013-06-25', 1, '', '2013-06-14 14:22:13', 2, 1),
(200, '71f9g2ae109e41x6', 10, '2013-06-25', 1, '', '2013-06-14 14:22:13', 2, 1),
(201, '7c22VfM0e01Y1q5a', 10, '2013-06-25', 1, '', '2013-06-14 14:22:13', 2, 1),
(202, '7261SjaL221501nM', 10, '2013-06-25', 1, '', '2013-06-14 14:22:13', 2, 1),
(203, '772Gn2o0r1A2sa1F', 10, '2013-06-25', 1, '', '2013-06-14 14:22:13', 2, 1),
(204, '7p21ea02Q1#M3se8', 10, '2013-06-25', 1, '', '2013-06-14 14:22:13', 2, 1),
(205, '74140u2S912d#5uG', 10, '2013-06-25', 1, '', '2013-06-14 14:22:13', 2, 1),
(206, '7d2Cn0CN21&tF250', 10, '2013-06-25', 1, '', '2013-06-14 14:22:13', 2, 1),
(207, '72K622JqVkr10#1&', 10, '2013-06-25', 1, '', '2013-06-14 14:22:13', 2, 1),
(208, '77202N12G2tuZr2K', 10, '2013-06-25', 1, '', '2013-06-14 14:22:13', 2, 1),
(209, '7o0rPI32216Y283c', 10, '2013-06-25', 1, '', '2013-06-14 14:22:13', 2, 1),
(210, '72S0v4nDeA92g12h', 10, '2013-06-25', 1, '', '2013-06-14 14:22:13', 2, 1),
(211, '721&PLr1A502rl2H', 10, '2013-06-25', 1, '', '2013-06-14 14:22:13', 2, 1),
(212, '71122neK6e1eO2Vr', 10, '2013-06-25', 1, '', '2013-06-14 14:22:13', 2, 1),
(213, '7nxo122r71dE22e2', 10, '2013-06-25', 1, '', '2013-06-14 14:22:13', 2, 1),
(214, '732j221mNgU83di1', 10, '2013-06-25', 1, '', '2013-06-14 14:22:13', 2, 1),
(215, '744229uZ0u21UaM1', 10, '2013-06-25', 1, '', '2013-06-14 14:22:13', 2, 1),
(216, '7R0152khuJa21030', 10, '2013-06-25', 1, '', '2013-06-14 14:22:13', 2, 1),
(217, '715gbr121D36CVa2', 10, '2013-06-25', 1, '', '2013-06-14 14:22:13', 2, 1),
(218, '7W1Z&H1e3d22g724', 10, '2013-06-25', 1, '', '2013-06-14 14:22:13', 2, 1),
(219, '70w1tfk12ee20833', 10, '2013-06-25', 1, '', '2013-06-14 14:22:13', 2, 1),
(220, '71LO2pl13G22Q94y', 10, '2013-06-25', 1, '', '2013-06-14 14:22:13', 2, 1),
(221, '7i#5rna13s220cq2', 10, '2013-06-25', 1, '', '2013-06-14 14:22:13', 2, 1),
(222, '75d1rMa2221j63A2', 10, '2013-06-25', 1, '', '2013-06-14 14:22:13', 2, 1),
(223, '72T17wCC@2n2eq32', 10, '2013-06-25', 1, '', '2013-06-14 14:22:13', 2, 1),
(224, '72Dnk3Q32t12r368', 10, '2013-06-25', 1, '', '2013-06-14 14:22:13', 2, 1),
(225, '7lDA#gI2v2m41293', 10, '2013-06-25', 1, '', '2013-06-14 14:22:13', 2, 1),
(226, '7TK4K12SG2Ir025I', 10, '2013-06-25', 1, '', '2013-06-14 14:22:13', 2, 1),
(227, '722Mw&6Tu11@04m2', 10, '2013-06-25', 1, '', '2013-06-14 14:22:13', 2, 1),
(228, '7mp272czk332421e', 10, '2013-06-25', 1, '', '2013-06-14 14:22:13', 2, 1),
(229, '74213b2432r&8k4o', 10, '2013-06-25', 1, '', '2013-06-14 14:22:13', 2, 1),
(230, '749r4u4rEN5222a1', 10, '2013-06-25', 1, '', '2013-06-14 14:22:13', 2, 1),
(231, '7Is25RgO24T31a05', 10, '2013-06-25', 1, '', '2013-06-14 14:22:13', 2, 1),
(232, '742u612k36sk2q61', 10, '2013-06-25', 1, '', '2013-06-14 14:22:13', 2, 1),
(233, '7e104U232b7ej2o6', 10, '2013-06-25', 1, '', '2013-06-14 14:22:13', 2, 1),
(234, '7w%3s2231aeow384', 10, '2013-06-25', 1, '', '2013-06-14 14:22:13', 2, 1),
(235, '7l9w23p24jkH3415', 10, '2013-06-25', 1, '', '2013-06-14 14:22:13', 2, 1),
(236, '755520T221monx3g', 10, '2013-06-25', 1, '', '2013-06-14 14:22:13', 2, 1),
(237, '7ovkrK5Y1216B32U', 10, '2013-06-25', 1, '', '2013-06-14 14:22:13', 2, 1),
(238, '7E222rG72e3J155&', 10, '2013-06-25', 1, '', '2013-06-14 14:22:13', 2, 1),
(239, '72@33i152@b36r8U', 10, '2013-06-25', 1, '', '2013-06-14 14:22:13', 2, 1),
(240, '7543w92e1iMB20ML', 10, '2013-06-25', 1, '', '2013-06-14 14:22:13', 2, 1),
(241, '75SX4U553120Jv2r', 10, '2013-06-25', 1, '', '2013-06-14 14:22:13', 2, 1),
(242, '726dMo42551qLo1#', 10, '2013-06-25', 1, '', '2013-06-14 14:22:13', 2, 1),
(243, '70t222jZ5174ho&z', 10, '2013-06-25', 1, '', '2013-06-14 14:22:13', 2, 1),
(244, '7825n$1qJy3le324', 10, '2013-06-25', 1, '', '2013-06-14 14:22:13', 2, 1),
(245, '75a94uk2P42s&1Ze', 10, '2013-06-25', 1, '', '2013-06-14 14:22:13', 2, 1),
(246, '7fr#0lgI541s226E', 10, '2013-06-25', 1, '', '2013-06-14 14:22:13', 2, 1),
(247, '7UXMuQe2416T126o', 10, '2013-06-25', 1, '', '2013-06-14 14:22:13', 2, 1),
(248, '7e1iGc26W2Q7eu24', 10, '2013-06-25', 1, '', '2013-06-14 14:22:13', 2, 1),
(249, '732K2rket6Ts81a4', 10, '2013-06-25', 1, '', '2013-06-14 14:22:13', 2, 1),
(250, '70WOj1244yD926Zz', 10, '2013-06-25', 1, '', '2013-06-14 14:22:13', 2, 1),
(251, '7Y252Ejx6155h00t', 10, '2013-06-25', 1, '', '2013-06-14 14:22:13', 2, 1),
(252, '7U62y5r1e1s256eh', 10, '2013-06-25', 1, '', '2013-06-14 14:22:13', 2, 1),
(253, '746v3E17u05222te', 10, '2013-06-25', 1, '', '2013-06-14 14:22:13', 2, 1),
(254, '723I2#n5e68soB1G', 10, '2013-06-25', 1, '', '2013-06-14 14:22:13', 2, 1),
(255, '7e25Emn13ae66492', 10, '2013-06-25', 1, '', '2013-06-14 14:22:13', 2, 1),
(256, '71He2S070g2rH455', 10, '2013-06-25', 1, '', '2013-06-14 14:22:13', 2, 1),
(257, '72ZVi125ka3B67l1', 10, '2013-06-25', 1, '', '2013-06-14 14:22:13', 2, 1),
(258, '72c14Y2727553e6T', 10, '2013-06-25', 1, '', '2013-06-14 14:22:13', 2, 1),
(259, '77b3t2V8351gw2r0', 10, '2013-06-25', 1, '', '2013-06-14 14:22:13', 2, 1),
(260, '74uk35941267H2af', 10, '2013-06-25', 1, '', '2013-06-14 14:22:13', 2, 1),
(261, '7U660%5716r2V2nr', 10, '2013-06-25', 1, '', '2013-06-14 14:22:13', 2, 1),
(262, '767WFkrk1326e12t', 10, '2013-06-25', 1, '', '2013-06-14 14:22:13', 2, 1),
(263, '76guey7K2g1pq227', 10, '2013-06-25', 1, '', '2013-06-14 14:22:13', 2, 1),
(264, '7lp82gL2oqD731g6', 10, '2013-06-25', 1, '', '2013-06-14 14:22:13', 2, 1),
(265, '7742$2MrjN6d2&19', 10, '2013-06-25', 1, '', '2013-06-14 14:22:13', 2, 1),
(266, '72Gu0n82e6r5F1cp', 10, '2013-06-25', 1, '', '2013-06-14 14:22:13', 2, 1),
(267, '70lUC861&262ue1c', 10, '2013-06-25', 1, '', '2013-06-14 14:22:13', 2, 1),
(268, '7Ge2s7e5en8622e1', 10, '2013-06-25', 1, '', '2013-06-14 14:22:13', 2, 1),
(269, '7e2enu1883oZ2e6K', 10, '2013-06-25', 1, '', '2013-06-14 14:22:13', 2, 1),
(270, '7UJ9M3o16a22f48g', 10, '2013-06-25', 1, '', '2013-06-14 14:22:13', 2, 1),
(271, '71C05%25Tg7I82O2', 10, '2013-06-25', 1, '', '2013-06-14 14:22:13', 2, 1),
(272, '7tkA12f7r6dV8o12', 10, '2013-06-25', 1, '', '2013-06-14 14:22:13', 2, 1),
(273, '7T7B$n217v2WF8p2', 10, '2013-06-25', 1, '', '2013-06-14 14:22:13', 2, 1),
(274, '7neG287Y1s3C8rV2', 10, '2013-06-25', 1, '', '2013-06-14 14:22:13', 2, 1),
(275, '7m9A74V2L81n2gvo', 10, '2013-06-25', 1, '', '2013-06-14 14:22:13', 2, 1),
(276, '7w&3c5701@9222gT', 10, '2013-06-25', 1, '', '2013-06-14 14:22:13', 2, 1),
(277, '7i%e97&01221xs6p', 10, '2013-06-25', 1, '', '2013-06-14 14:22:13', 2, 1),
(278, '72f7422f94c1R7lc', 10, '2013-06-25', 1, '', '2013-06-14 14:22:13', 2, 1),
(279, '772g901QT8eu3re2', 10, '2013-06-25', 1, '', '2013-06-14 14:22:13', 2, 1),
(280, '79Q4yUu7g1k29E22', 10, '2013-06-25', 1, '', '2013-06-14 14:22:13', 2, 1),
(281, '7Z12KJiox5E982e0', 10, '2013-06-25', 1, '', '2013-06-14 14:22:13', 2, 1),
(282, '7kuo59g16p18N262', 10, '2013-06-25', 1, '', '2013-06-14 14:22:13', 2, 1),
(283, '7$7D82Hube2a219C', 10, '2013-06-25', 1, '', '2013-06-14 14:22:13', 2, 1),
(284, '729rru8$3923i1jk', 10, '2013-06-25', 1, '', '2013-06-14 14:22:13', 2, 1),
(285, '7S2qe00evJy813z4', 10, '2013-06-25', 1, '', '2013-06-14 14:22:13', 2, 1),
(286, '75k1e5kT1rJa8023', 10, '2013-06-25', 1, '', '2013-06-14 14:22:13', 2, 1),
(287, '7216n%w3%uA082J0', 10, '2013-06-25', 1, '', '2013-06-14 14:22:13', 2, 1),
(288, '7218zM5rH53q730G', 10, '2013-06-25', 1, '', '2013-06-14 14:22:13', 2, 1),
(289, '7&ua3g2G260184r8', 10, '2013-06-25', 1, '', '2013-06-14 14:22:13', 2, 1),
(290, '7LRj892K50r3I15h', 10, '2013-06-25', 1, '', '2013-06-14 14:22:13', 2, 1),
(291, '76a290r010VB2t3M', 10, '2013-06-25', 1, '', '2013-06-14 14:22:13', 2, 1),
(292, '7o9r1q72rz631GW0', 10, '2013-06-25', 1, '', '2013-06-14 14:22:13', 2, 1),
(293, '73002LD681ue29lR', 10, '2013-06-25', 1, '', '2013-06-14 14:22:13', 2, 1),
(294, '7929o60bNz3t%1k3', 10, '2013-06-25', 1, '', '2013-06-14 14:22:13', 2, 1),
(295, '72o@$04119Dg3nY3', 10, '2013-06-25', 1, '', '2013-06-14 14:22:13', 2, 1),
(296, '7U%56k3kga91112u', 10, '2013-06-25', 1, '', '2013-06-14 14:22:13', 2, 1),
(297, '7n21h2W61enJ3ey9', 10, '2013-06-25', 1, '', '2013-06-14 14:22:13', 2, 1),
(298, '7e5F71o29i33r1U#', 10, '2013-06-25', 1, '', '2013-06-14 14:22:13', 2, 1),
(299, '75r&891r13An2Ae4', 10, '2013-06-25', 1, '', '2013-06-14 14:22:13', 2, 1),
(300, '7S25r31eqe99Q3D1', 10, '2013-06-25', 1, '', '2013-06-14 14:22:13', 2, 1),
(301, '7s01oIFdfn31r036', 10, '2013-06-25', 1, '', '2013-06-14 14:22:13', 2, 1),
(302, '7SsuK1313n70b$F1', 10, '2013-06-25', 1, '', '2013-06-14 14:22:13', 2, 1),
(303, '7w31e13n8@u2t3c0', 10, '2013-06-25', 1, '', '2013-06-14 14:22:13', 2, 1),
(304, '7g33yR1Je0bY913L', 10, '2013-06-25', 1, '', '2013-06-14 14:22:13', 2, 1),
(305, '74130gnF3UsJPc02', 10, '2013-06-25', 1, '', '2013-06-14 14:22:13', 2, 1),
(306, '7c0d033w2215134b', 10, '2013-06-25', 1, '', '2013-06-14 14:22:13', 2, 1),
(307, '7066k0f3u@3T212#', 10, '2013-06-25', 1, '', '2013-06-14 14:22:13', 2, 1),
(308, '71c3k533v7uz3203', 10, '2013-06-25', 1, '', '2013-06-14 14:22:13', 2, 1),
(309, '7eiD338uo2c14i00', 10, '2013-06-25', 1, '', '2013-06-14 14:22:13', 2, 1),
(310, '7mwa9cTj3g23105B', 10, '2013-06-25', 1, '', '2013-06-14 14:22:13', 2, 1),
(311, '73G1x26Gl2b#&310', 10, '2013-06-25', 1, '', '2013-06-14 14:22:13', 2, 1),
(312, '71xN3t73S121ko$T', 10, '2013-06-25', 1, '', '2013-06-14 14:22:13', 2, 1),
(313, '7e#C23r321Pt8P1$', 10, '2013-06-25', 1, '', '2013-06-14 14:22:13', 2, 1),
(314, '7l33931#e31g2Qoe', 10, '2013-06-25', 1, '', '2013-06-14 14:22:13', 2, 1),
(315, '7x016r6163yv334q', 10, '2013-06-25', 1, '', '2013-06-14 14:22:13', 2, 1),
(316, '7K1s303r15Ye31N#', 10, '2013-06-25', 1, '', '2013-06-14 14:22:13', 2, 1),
(317, '713W3360%Y2eue%1', 10, '2013-06-25', 1, '', '2013-06-14 14:22:13', 2, 1),
(318, '7ui3373rke31t1Bc', 10, '2013-06-25', 1, '', '2013-06-14 14:22:13', 2, 1),
(319, '7es581le3433sr1r', 10, '2013-06-25', 1, '', '2013-06-14 14:22:13', 2, 1),
(320, '79331135%5ercBe$', 10, '2013-06-25', 1, '', '2013-06-14 14:22:13', 2, 1),
(321, '7u60v1$3Z3gai3x2', 10, '2013-06-25', 1, '', '2013-06-14 14:22:13', 2, 1),
(322, '7H4p3E373F11#2nU', 10, '2013-06-25', 1, '', '2013-06-14 14:22:13', 2, 1),
(323, '723lFfx1r&38E32r', 10, '2013-06-25', 1, '', '2013-06-14 14:22:13', 2, 1),
(324, '701w3rR5233r3Ta9', 10, '2013-06-25', 1, '', '2013-06-14 14:22:13', 2, 1),
(325, '7F4z30Y43&213sb0', 10, '2013-06-25', 1, '', '2013-06-14 14:22:13', 2, 1),
(326, '7o1a23mqA3u415Wd', 10, '2013-06-25', 1, '', '2013-06-14 14:22:13', 2, 1),
(327, '7P4we6xu1z32Ey32', 10, '2013-06-25', 1, '', '2013-06-14 14:22:13', 2, 1),
(328, '73za73a43XLec1M2', 10, '2013-06-25', 1, '', '2013-06-14 14:22:13', 2, 1),
(329, '7431aLnr48W325Dg', 10, '2013-06-25', 1, '', '2013-06-14 14:22:13', 2, 1),
(330, '73e2Sss93ua15r4B', 10, '2013-06-25', 1, '', '2013-06-14 14:22:13', 2, 1),
(331, '73J03Zv6ms1s34RM', 10, '2013-06-25', 1, '', '2013-06-14 14:22:13', 2, 1),
(332, '7L3C34p137$4u1fn', 10, '2013-06-25', 1, '', '2013-06-14 14:22:13', 2, 1),
(333, '7%1h2n8433J33Qun', 10, '2013-06-25', 1, '', '2013-06-14 14:22:13', 2, 1),
(334, '7L3HSOku9Nc33134', 10, '2013-06-25', 1, '', '2013-06-14 14:22:13', 2, 1),
(335, '733x0TQ53X63a4R1', 10, '2013-06-25', 1, '', '2013-06-14 14:22:13', 2, 1),
(336, '75J1f136KXM35NC3', 10, '2013-06-25', 1, '', '2013-06-14 14:22:13', 2, 1),
(337, '7$3S63WQe@513mX2', 10, '2013-06-25', 1, '', '2013-06-14 14:22:13', 2, 1),
(338, '77G1o33Q5c3JQJ3r', 10, '2013-06-25', 1, '', '2013-06-14 14:22:13', 2, 1),
(339, '73U4184r56h33zrA', 10, '2013-06-25', 1, '', '2013-06-14 14:22:13', 2, 1),
(340, '739H1w5523dnYg35', 10, '2013-06-25', 1, '', '2013-06-14 14:22:13', 2, 1),
(341, '7a13m03465YaNNue', 10, '2013-06-25', 1, '', '2013-06-14 14:22:13', 2, 1),
(342, '751#QL3ezw7Y1Z43', 10, '2013-06-25', 1, '', '2013-06-14 14:22:13', 2, 1),
(343, '7r%83ejb3eQ2514j', 10, '2013-06-25', 1, '', '2013-06-14 14:22:13', 2, 1),
(344, '7K3B5V9rj314e3Sd', 10, '2013-06-25', 1, '', '2013-06-14 14:22:13', 2, 1),
(345, '73k0316QggUI2o44', 10, '2013-06-25', 1, '', '2013-06-14 14:22:13', 2, 1),
(346, '7iq3rUI5e1Xo3614', 10, '2013-06-25', 1, '', '2013-06-14 14:22:13', 2, 1),
(347, '7rc3B3e1jEX426s6', 10, '2013-06-25', 1, '', '2013-06-14 14:22:13', 2, 1),
(348, '73b6jkxdc373H341', 10, '2013-06-25', 1, '', '2013-06-14 14:22:13', 2, 1),
(349, '7vo3U3uM40638O41', 10, '2013-06-25', 1, '', '2013-06-14 14:22:13', 2, 1),
(350, '76wOts3549oX321n', 10, '2013-06-25', 1, '', '2013-06-14 14:22:13', 2, 1),
(351, '75f03366Nh61tuan', 10, '2013-06-25', 1, '', '2013-06-14 14:22:13', 2, 1),
(352, '751&eE3e1aeg3s76', 10, '2013-06-25', 1, '', '2013-06-14 14:22:13', 2, 1),
(353, '7p8SG2#2gc35136G', 10, '2013-06-25', 1, '', '2013-06-14 14:22:13', 2, 1),
(354, '71fVrUN3596r36B3', 10, '2013-06-25', 1, '', '2013-06-14 14:22:13', 2, 1),
(355, '7E40W753hvK3ezy1', 10, '2013-06-25', 1, '', '2013-06-14 14:22:13', 2, 1),
(356, '75B5133qwor6H715', 10, '2013-06-25', 1, '', '2013-06-14 14:22:13', 2, 1),
(357, '7Lef3f76360l125p', 10, '2013-06-25', 1, '', '2013-06-14 14:22:13', 2, 1),
(358, '7s%3xR3351lo67I7', 10, '2013-06-25', 1, '', '2013-06-14 14:22:13', 2, 1),
(359, '7k4218rec375F36n', 10, '2013-06-25', 1, '', '2013-06-14 14:22:13', 2, 1),
(360, '7YR&I5413a5379RO', 10, '2013-06-25', 1, '', '2013-06-14 14:22:13', 2, 1),
(361, '7v736513iPcg06nd', 10, '2013-06-25', 1, '', '2013-06-14 14:22:13', 2, 1),
(362, '7a37@n2063Y71z1a', 10, '2013-06-25', 1, '', '2013-06-14 14:22:13', 2, 1),
(363, '7iTlX38e1E637o02', 10, '2013-06-25', 1, '', '2013-06-14 14:22:13', 2, 1),
(364, '7ECY633VLu73Wo91', 10, '2013-06-25', 1, '', '2013-06-14 14:22:13', 2, 1),
(365, '7KPH$%1b8p3h0436', 10, '2013-06-25', 1, '', '2013-06-14 14:22:13', 2, 1),
(366, '7i631rlXV35ZOi18', 10, '2013-06-25', 1, '', '2013-06-14 14:22:13', 2, 1),
(367, '7313e64EwOk62r8b', 10, '2013-06-25', 1, '', '2013-06-14 14:22:13', 2, 1),
(368, '7%61sw7aee836a33', 10, '2013-06-25', 1, '', '2013-06-14 14:22:13', 2, 1),
(369, '7203rpe881346BXM', 10, '2013-06-25', 1, '', '2013-06-14 14:22:13', 2, 1),
(370, '7c3d3E96n5uZe18n', 10, '2013-06-25', 1, '', '2013-06-14 14:22:13', 2, 1),
(371, '7LV31W0k7X8X63co', 10, '2013-06-25', 1, '', '2013-06-14 14:22:13', 2, 1),
(372, '771#1@e7D4o833Pc', 10, '2013-06-25', 1, '', '2013-06-14 14:22:13', 2, 1),
(373, '7o3381&2C8#&rv73', 10, '2013-06-25', 1, '', '2013-06-14 14:22:13', 2, 1),
(374, '703Q9a3D18o7GgG3', 10, '2013-06-25', 1, '', '2013-06-14 14:22:13', 2, 1),
(375, '73Y3EQ43f9710%4P', 10, '2013-06-25', 1, '', '2013-06-14 14:22:13', 2, 1),
(376, '7x1y39OeOD75o31g', 10, '2013-06-25', 1, '', '2013-06-14 14:22:13', 2, 1),
(377, '793MprO76o1B362j', 10, '2013-06-25', 1, '', '2013-06-14 14:22:13', 2, 1),
(378, '759173a5z3G3e7a0', 10, '2013-06-25', 1, '', '2013-06-14 14:22:13', 2, 1),
(379, '7a8nHr3e297431Ie', 10, '2013-06-25', 1, '', '2013-06-14 14:22:13', 2, 1),
(380, '7d39545wCD79E3i1', 10, '2013-06-25', 1, '', '2013-06-14 14:22:13', 2, 1),
(381, '7A30o83bwf139M6s', 10, '2013-06-25', 1, '', '2013-06-14 14:22:13', 2, 1),
(382, '79s3jlgn71Qb318a', 10, '2013-06-25', 1, '', '2013-06-14 14:22:13', 2, 1),
(383, '7D821$9G8Hcae233', 10, '2013-06-25', 1, '', '2013-06-14 14:22:13', 2, 1),
(384, '7L9933skEbS831#3', 10, '2013-06-25', 1, '', '2013-06-14 14:22:13', 2, 1),
(385, '71#4@0e06&reb834', 10, '2013-06-25', 1, '', '2013-06-14 14:22:13', 2, 1),
(386, '701fsp8e1S5cr534', 10, '2013-06-25', 1, '', '2013-06-14 14:22:13', 2, 1),
(387, '70e432Yk13Nr8c6e', 10, '2013-06-25', 1, '', '2013-06-14 14:22:13', 2, 1),
(388, '781e4U3wkae7K03k', 10, '2013-06-25', 1, '', '2013-06-14 14:22:13', 2, 1),
(389, '7314u08ar84rJqq5', 10, '2013-06-25', 1, '', '2013-06-14 14:22:13', 2, 1),
(390, '78oZ10D45VPl36X9', 10, '2013-06-25', 1, '', '2013-06-14 14:22:13', 2, 1),
(391, '70O501Wr3I5n64Q9', 10, '2013-06-25', 1, '', '2013-06-14 14:22:13', 2, 1),
(392, '76#up7310G1O4x9E', 10, '2013-06-25', 1, '', '2013-06-14 14:22:13', 2, 1),
(393, '79u30kF8u132u4Mv', 10, '2013-06-25', 1, '', '2013-06-14 14:22:13', 2, 1),
(394, '71yjcoFe90$4n393', 10, '2013-06-25', 1, '', '2013-06-14 14:22:13', 2, 1),
(395, '7a4u1036f4a19cr5', 10, '2013-06-25', 1, '', '2013-06-14 14:22:13', 2, 1),
(396, '7nu31I5s1S41aex9', 10, '2013-06-25', 1, '', '2013-06-14 14:22:13', 2, 1),
(397, '7e9312qreep61c64', 10, '2013-06-25', 1, '', '2013-06-14 14:22:13', 2, 1),
(398, '713D1%7439QEsdHJ', 10, '2013-06-25', 1, '', '2013-06-14 14:22:13', 2, 1),
(399, '7o1AV384#r4z1r95', 10, '2013-06-25', 1, '', '2013-06-14 14:22:13', 2, 1),
(400, '7w419a0931HnPr6x', 10, '2013-06-25', 1, '', '2013-06-14 14:22:13', 2, 1),
(401, '7a0uq14004Al7c1g', 10, '2013-06-25', 1, '', '2013-06-14 14:22:13', 2, 1),
(402, '7V8fG0gkX11tB441', 10, '2013-06-25', 1, '', '2013-06-14 14:22:13', 2, 1),
(403, '7b2R440#UKu101Q9', 10, '2013-06-25', 1, '', '2013-06-14 14:22:13', 2, 1),
(404, '7j01eH40e2Tas43M', 10, '2013-06-25', 1, '', '2013-06-14 14:22:13', 2, 1),
(405, '7n411402$eaKh4S0', 10, '2013-06-25', 1, '', '2013-06-14 14:22:13', 2, 1),
(406, '74he524g@2M1uk0r', 10, '2013-06-25', 1, '', '2013-06-14 14:22:13', 2, 1),
(407, '7z46n0XX1t32r3u4', 10, '2013-06-25', 1, '', '2013-06-14 14:22:13', 2, 1),
(408, '7pq4%1474245V0ua', 10, '2013-06-25', 1, '', '2013-06-14 14:22:13', 2, 1),
(409, '7D4p08o254fkoM1v', 10, '2013-06-25', 1, '', '2013-06-14 14:22:13', 2, 1),
(410, '7X&E246319ht40hg', 10, '2013-06-25', 1, '', '2013-06-14 14:22:13', 2, 1),
(411, '7sn0C41Lz72g4S1w', 10, '2013-06-25', 1, '', '2013-06-14 14:22:13', 2, 1),
(412, '7EVe128eryK16414', 10, '2013-06-25', 1, '', '2013-06-14 14:22:13', 2, 1),
(413, '7216Ve$92g1w44%Y', 10, '2013-06-25', 1, '', '2013-06-14 14:22:13', 2, 1),
(414, '70uA3Y061l#143t4', 10, '2013-06-25', 1, '', '2013-06-14 14:22:13', 2, 1),
(415, '71#3am4Y1U1c4#4Y', 10, '2013-06-25', 1, '', '2013-06-14 14:22:13', 2, 1),
(416, '7Gd31t14204lOeN5', 10, '2013-06-25', 1, '', '2013-06-14 14:22:13', 2, 1),
(417, '7633o44der11Ik3e', 10, '2013-06-25', 1, '', '2013-06-14 14:22:13', 2, 1),
(418, '7I41u34o12054@7f', 10, '2013-06-25', 1, '', '2013-06-14 14:22:13', 2, 1),
(419, '73434eA85zUIL1V1', 10, '2013-06-25', 1, '', '2013-06-14 14:22:13', 2, 1),
(420, '7i43@9164#1Na36e', 10, '2013-06-25', 1, '', '2013-06-14 14:22:13', 2, 1),
(421, '7@3De1d0e044e72n', 10, '2013-06-25', 1, '', '2013-06-14 14:22:13', 2, 1),
(422, '7564K13Q2z31C584', 10, '2013-06-25', 1, '', '2013-06-14 14:22:13', 2, 1),
(423, '7BgoZ1592N42r4I3', 10, '2013-06-25', 1, '', '2013-06-14 14:22:13', 2, 1),
(424, '7415234uB0n40r4n', 10, '2013-06-25', 1, '', '2013-06-14 14:22:13', 2, 1),
(425, '721442naXLcca414', 10, '2013-06-25', 1, '', '2013-06-14 14:22:13', 2, 1),
(426, '7eOg142424b5@OX4', 10, '2013-06-25', 1, '', '2013-06-14 14:22:13', 2, 1),
(427, '74U6ze213E4#K4fO', 10, '2013-06-25', 1, '', '2013-06-14 14:22:13', 2, 1),
(428, '7ua44NX21f4OV475', 10, '2013-06-25', 1, '', '2013-06-14 14:22:13', 2, 1),
(429, '74s25f8erp51q44l', 10, '2013-06-25', 1, '', '2013-06-14 14:22:13', 2, 1),
(430, '7Ob4du32OG4169D4', 10, '2013-06-25', 1, '', '2013-06-14 14:22:13', 2, 1),
(431, '7r4R3nt4@104r$7a', 10, '2013-06-25', 1, '', '2013-06-14 14:22:13', 2, 1),
(432, '7WPc8R3uT11444Mu', 10, '2013-06-25', 1, '', '2013-06-14 14:22:13', 2, 1),
(433, '7319E42e4N564FYD', 10, '2013-06-25', 1, '', '2013-06-14 14:22:13', 2, 1),
(434, '744F0J3G0n5T31uw', 10, '2013-06-25', 1, '', '2013-06-14 14:22:13', 2, 1),
(435, '7o432yr15l14&o4A', 10, '2013-06-25', 1, '', '2013-06-14 14:22:13', 2, 1),
(436, '7cq425a143D5yn3D', 10, '2013-06-25', 1, '', '2013-06-14 14:22:13', 2, 1),
(437, '744u5213xr43c36D', 10, '2013-06-25', 1, '', '2013-06-14 14:22:13', 2, 1),
(438, '7Z4O3Qk54T#7C314', 10, '2013-06-25', 1, '', '2013-06-14 14:22:13', 2, 1),
(439, '7k8r4q5&se1$45#3', 10, '2013-06-25', 1, '', '2013-06-14 14:22:13', 2, 1),
(440, '73g6Ke4V91s45USf', 10, '2013-06-25', 1, '', '2013-06-14 14:22:13', 2, 1),
(441, '7e054407i%or1Qh4', 10, '2013-06-25', 1, '', '2013-06-14 14:22:13', 2, 1),
(442, '7u14nk544u81o0sf', 10, '2013-06-25', 1, '', '2013-06-14 14:22:13', 2, 1),
(443, '79c24DJ%4mZ6541e', 10, '2013-06-25', 1, '', '2013-06-14 14:22:13', 2, 1),
(444, '76u31Y4B4lYM40Me', 10, '2013-06-25', 1, '', '2013-06-14 14:22:13', 2, 1),
(445, '7a4ie16wW44en1M4', 10, '2013-06-25', 1, '', '2013-06-14 14:22:13', 2, 1),
(446, '7yWI14f64rg4D562', 10, '2013-06-25', 1, '', '2013-06-14 14:22:13', 2, 1),
(447, '73u4g4s6yR46aQ1@', 10, '2013-06-25', 1, '', '2013-06-14 14:22:13', 2, 1),
(448, '74c66ur74r41Qq4h', 10, '2013-06-25', 1, '', '2013-06-14 14:22:13', 2, 1),
(449, '7sVkq48pHh5r4164', 10, '2013-06-25', 1, '', '2013-06-14 14:22:13', 2, 1),
(450, '7zTG4a92i4$166S4', 10, '2013-06-25', 1, '', '2013-06-14 14:22:13', 2, 1),
(451, '7jTex51St744u0e6', 10, '2013-06-25', 1, '', '2013-06-14 14:22:13', 2, 1),
(452, '716yal51444Fk8Je', 10, '2013-06-25', 1, '', '2013-06-14 14:22:13', 2, 1),
(453, '7GeP14c#5i26o904', 10, '2013-06-25', 1, '', '2013-06-14 14:22:13', 2, 1),
(454, '75r0Y%4r3VKq4a17', 10, '2013-06-25', 1, '', '2013-06-14 14:22:13', 2, 1),
(455, '74rkYt74zzR&1415', 10, '2013-06-25', 1, '', '2013-06-14 14:22:13', 2, 1),
(456, '7R75156W24$Xveq4', 10, '2013-06-25', 1, '', '2013-06-14 14:22:13', 2, 1),
(457, '76U7344014en3es5', 10, '2013-06-25', 1, '', '2013-06-14 14:22:13', 2, 1),
(458, '77oxr4r4kG145S&7', 10, '2013-06-25', 1, '', '2013-06-14 14:22:13', 2, 1),
(459, '7a85e4oRaP7#154@', 10, '2013-06-25', 1, '', '2013-06-14 14:22:13', 2, 1),
(460, '7fu593Ja1476Fee4', 10, '2013-06-25', 1, '', '2013-06-14 14:22:13', 2, 1),
(461, '772M00cun447Dd16', 10, '2013-06-25', 1, '', '2013-06-14 14:22:13', 2, 1),
(462, '747u1Je0e486OT1e', 10, '2013-06-25', 1, '', '2013-06-14 14:22:13', 2, 1),
(463, '76Ie2914wr&47oK2', 10, '2013-06-25', 1, '', '2013-06-14 14:22:13', 2, 1),
(464, '71u63&u486I0JSv4', 10, '2013-06-25', 1, '', '2013-06-14 14:22:13', 2, 1),
(465, '74Xue4nf8y4146j1', 10, '2013-06-25', 1, '', '2013-06-14 14:22:13', 2, 1),
(466, '7264muX1cBK5Xm48', 10, '2013-06-25', 1, '', '2013-06-14 14:22:13', 2, 1),
(467, '78k$I63xS6et4b41', 10, '2013-06-25', 1, '', '2013-06-14 14:22:13', 2, 1),
(468, '7Nu64q78vEe1n44g', 10, '2013-06-25', 1, '', '2013-06-14 14:22:13', 2, 1),
(469, '78ek61so0Ae4R854', 10, '2013-06-25', 1, '', '2013-06-14 14:22:13', 2, 1),
(470, '718x4n6aMhuI46W9', 10, '2013-06-25', 1, '', '2013-06-14 14:22:13', 2, 1),
(471, '7n7q4e1pM8c74e60', 10, '2013-06-25', 1, '', '2013-06-14 14:22:13', 2, 1),
(472, '78618Bcs471tLr4Z', 10, '2013-06-25', 1, '', '2013-06-14 14:22:13', 2, 1),
(473, '7O0nA79Ta84e2e41', 10, '2013-06-25', 1, '', '2013-06-14 14:22:13', 2, 1),
(474, '7G134CZen7g94a04', 10, '2013-06-25', 1, '', '2013-06-14 14:22:13', 2, 1),
(475, '7&@u5491eT4471yH', 10, '2013-06-25', 1, '', '2013-06-14 14:22:13', 2, 1),
(476, '77E29u534Tp4y1MO', 10, '2013-06-25', 1, '', '2013-06-14 14:22:13', 2, 1),
(477, '734riue719462#E4', 10, '2013-06-25', 1, '', '2013-06-14 14:22:13', 2, 1),
(478, '7L1e49haz477FEN4', 10, '2013-06-25', 1, '', '2013-06-14 14:22:13', 2, 1),
(479, '7Q4kP5dyz715984X', 10, '2013-06-25', 1, '', '2013-06-14 14:22:13', 2, 1),
(480, '7Rn4xu396r4y197E', 10, '2013-06-25', 1, '', '2013-06-14 14:22:13', 2, 1),
(481, '70am7148u0eDnn49', 10, '2013-06-25', 1, '', '2013-06-14 14:22:13', 2, 1),
(482, '7X484U11ah93gx8G', 10, '2013-06-25', 1, '', '2013-06-14 14:22:13', 2, 1),
(483, '729fWQ89e1a44rNt', 10, '2013-06-25', 1, '', '2013-06-14 14:22:13', 2, 1),
(484, '760r1548X#Z0oN3l', 10, '2013-06-25', 1, '', '2013-06-14 14:22:13', 2, 1),
(485, '78UOV14s5tJmD041', 10, '2013-06-25', 1, '', '2013-06-14 14:22:13', 2, 1),
(486, '75H82k16qkot50m4', 10, '2013-06-25', 1, '', '2013-06-14 14:22:13', 2, 1),
(487, '756eb610834CB0Pg', 10, '2013-06-25', 1, '', '2013-06-14 14:22:13', 2, 1),
(488, '704j%sg8%514r7uf', 10, '2013-06-25', 1, '', '2013-06-14 14:22:13', 2, 1),
(489, '7psG88105043l5tC', 10, '2013-06-25', 1, '', '2013-06-14 14:22:13', 2, 1),
(490, '7oa51C9645Bt80EW', 10, '2013-06-25', 1, '', '2013-06-14 14:22:13', 2, 1),
(491, '7$50oE971kG0xS4e', 10, '2013-06-25', 1, '', '2013-06-14 14:22:13', 2, 1),
(492, '7C19Y54cwenn%801', 10, '2013-06-25', 1, '', '2013-06-14 14:22:13', 2, 1),
(493, '73rO900924r15D2e', 10, '2013-06-25', 1, '', '2013-06-14 14:22:13', 2, 1),
(494, '7B3w4U19X305XR1G', 10, '2013-06-25', 1, '', '2013-06-14 14:22:13', 2, 1),
(495, '7e5B31U9&1k4n4j1', 10, '2013-06-25', 1, '', '2013-06-14 14:22:13', 2, 1),
(496, '7514L5U259eFJ1qg', 10, '2013-06-25', 1, '', '2013-06-14 14:22:13', 2, 1),
(497, '7COK519ET3L136R4', 10, '2013-06-25', 1, '', '2013-06-14 14:22:13', 2, 1),
(498, '7ed9E1oor457e4U1', 10, '2013-06-25', 1, '', '2013-06-14 14:22:13', 2, 1),
(499, '7U5L91154DBNOQk8', 10, '2013-06-25', 1, '', '2013-06-14 14:22:13', 2, 1),
(500, '79e@41c63M9d1k53', 10, '2013-06-25', 1, '', '2013-06-14 14:22:13', 2, 1),
(501, '755G1eeC1t7cn00e', 10, '2013-06-25', 1, '', '2013-06-14 14:22:13', 2, 1),
(502, '7101ln8xv5S1TLV5', 10, '2013-06-25', 1, '', '2013-06-14 14:22:13', 2, 1),
(503, '7uMe012#Q5591PaF', 10, '2013-06-25', 1, '', '2013-06-14 14:22:13', 2, 1),
(504, '70X213K5Sa53w$50', 10, '2013-06-25', 1, '', '2013-06-14 14:22:13', 2, 1),
(505, '71u5K041dtoxS5r2', 10, '2013-06-25', 1, '', '2013-06-14 14:22:13', 2, 1),
(506, '7202253s053Zak15', 10, '2013-06-25', 1, '', '2013-06-14 14:22:13', 2, 1),
(507, '7ci550zJewcs2361', 10, '2013-06-25', 1, '', '2013-06-14 14:22:13', 2, 1),
(508, '77M2Y01eoZI545rR', 10, '2013-06-25', 1, '', '2013-06-14 14:22:13', 2, 1),
(509, '7gqX5v85&3215ry0', 10, '2013-06-25', 1, '', '2013-06-14 14:22:13', 2, 1),
(510, '746ez95O505Uw12u', 10, '2013-06-25', 1, '', '2013-06-14 14:22:13', 2, 1),
(511, '72uq421L515rm705', 10, '2013-06-25', 1, '', '2013-06-14 14:22:13', 2, 1),
(512, '751160clR1ow582#', 10, '2013-06-25', 1, '', '2013-06-14 14:22:13', 2, 1),
(513, '7Tl15229rmSs15Qr', 10, '2013-06-25', 1, '', '2013-06-14 14:22:13', 2, 1),
(514, '71353zo031rb5Wkr', 10, '2013-06-25', 1, '', '2013-06-14 14:22:13', 2, 1),
(515, '7c1534Z51vYM1Gjg', 10, '2013-06-25', 1, '', '2013-06-14 14:22:13', 2, 1),
(516, '7%w5M3413552ulu1', 10, '2013-06-25', 1, '', '2013-06-14 14:22:13', 2, 1),
(517, '73k1a163O5rZGL50', 10, '2013-06-25', 1, '', '2013-06-14 14:22:13', 2, 1),
(518, '731JKor3e13H7554', 10, '2013-06-25', 1, '', '2013-06-14 14:22:13', 2, 1),
(519, '7en5o531X85io1Xg', 10, '2013-06-25', 1, '', '2013-06-14 14:22:13', 2, 1),
(520, '756Z95113rEZCq&V', 10, '2013-06-25', 1, '', '2013-06-14 14:22:13', 2, 1),
(521, '7U51u02W5376X36n', 10, '2013-06-25', 1, '', '2013-06-14 14:22:13', 2, 1),
(522, '7K5q2853Xdn11jOY', 10, '2013-06-25', 1, '', '2013-06-14 14:22:13', 2, 1),
(523, '71P9525f2as2e5P3', 10, '2013-06-25', 1, '', '2013-06-14 14:22:13', 2, 1),
(524, '7n5po1c0ZI43502e', 10, '2013-06-25', 1, '', '2013-06-14 14:22:13', 2, 1),
(525, '74V1b5s65S12hn4g', 10, '2013-06-25', 1, '', '2013-06-14 14:22:13', 2, 1),
(526, '7235MEJg2564a651', 10, '2013-06-25', 1, '', '2013-06-14 14:22:13', 2, 1),
(527, '73q55mJ2gx146rSe', 10, '2013-06-25', 1, '', '2013-06-14 14:22:13', 2, 1),
(528, '7HR2e54P#41y6675', 10, '2013-06-25', 1, '', '2013-06-14 14:22:13', 2, 1),
(529, '75i5m3U1go24N5t8', 10, '2013-06-25', 1, '', '2013-06-14 14:22:13', 2, 1),
(530, '75WeF4d21Ne4B597', 10, '2013-06-25', 1, '', '2013-06-14 14:22:13', 2, 1),
(531, '7n65043GQN185jbF', 10, '2013-06-25', 1, '', '2013-06-14 14:22:13', 2, 1),
(532, '7351I9D5o$3541l5', 10, '2013-06-25', 1, '', '2013-06-14 14:22:13', 2, 1),
(533, '7x50EV3ome5X1z52', 10, '2013-06-25', 1, '', '2013-06-14 14:22:13', 2, 1),
(534, '741jQPEne313#555', 10, '2013-06-25', 1, '', '2013-06-14 14:22:13', 2, 1),
(535, '7v5525V6Up134vma', 10, '2013-06-25', 1, '', '2013-06-14 14:22:13', 2, 1),
(536, '71355mSaPSM555n3', 10, '2013-06-25', 1, '', '2013-06-14 14:22:13', 2, 1),
(537, '7%hK3F6M1525e4G5', 10, '2013-06-25', 1, '', '2013-06-14 14:22:13', 2, 1),
(538, '7g5073zxD56d5150', 10, '2013-06-25', 1, '', '2013-06-14 14:22:13', 2, 1),
(539, '7n5kx36aF1NB85a5', 10, '2013-06-25', 1, '', '2013-06-14 14:22:13', 2, 1),
(540, '7sJ5r7a3tj1K559p', 10, '2013-06-25', 1, '', '2013-06-14 14:22:13', 2, 1),
(541, '74gHl45cd5510V8n', 10, '2013-06-25', 1, '', '2013-06-14 14:22:13', 2, 1),
(542, '71zNvKL155E29n45', 10, '2013-06-25', 1, '', '2013-06-14 14:22:13', 2, 1),
(543, '74O2565r041&0awX', 10, '2013-06-25', 1, '', '2013-06-14 14:22:13', 2, 1),
(544, '7U54XB1dc51g3a6Z', 10, '2013-06-25', 1, '', '2013-06-14 14:22:13', 2, 1),
(545, '75f1456e26U4wIq4', 10, '2013-06-25', 1, '', '2013-06-14 14:22:13', 2, 1),
(546, '7154o5e%&5pL6mn3', 10, '2013-06-25', 1, '', '2013-06-14 14:22:13', 2, 1),
(547, '7A4Ge5ug5r466n01', 10, '2013-06-25', 1, '', '2013-06-14 14:22:13', 2, 1),
(548, '74TJ6gfJ55XZ51u7', 10, '2013-06-25', 1, '', '2013-06-14 14:22:13', 2, 1),
(549, '761385Bip6Z4Gw5l', 10, '2013-06-25', 1, '', '2013-06-14 14:22:13', 2, 1),
(550, '755Et9a47e1E6lM6', 10, '2013-06-25', 1, '', '2013-06-14 14:22:13', 2, 1),
(551, '76g1Ju8neC05555q', 10, '2013-06-25', 1, '', '2013-06-14 14:22:13', 2, 1),
(552, '73sh5uR1Drj69551', 10, '2013-06-25', 1, '', '2013-06-14 14:22:13', 2, 1),
(553, '7f5eyzV502e&d715', 10, '2013-06-25', 1, '', '2013-06-14 14:22:13', 2, 1),
(554, '7U5m5cI71r51IrD3', 10, '2013-06-25', 1, '', '2013-06-14 14:22:13', 2, 1),
(555, '7A5P54cc27z1b5Kt', 10, '2013-06-25', 1, '', '2013-06-14 14:22:13', 2, 1),
(556, '75p1k5sSe537W5$y', 10, '2013-06-25', 1, '', '2013-06-14 14:22:13', 2, 1),
(557, '77WX55N4DeSp5613', 10, '2013-06-25', 1, '', '2013-06-14 14:22:13', 2, 1),
(558, '757H5xa7f15PPAb5', 10, '2013-06-25', 1, '', '2013-06-14 14:22:13', 2, 1),
(559, '7Y8&k1o55a5eI67E', 10, '2013-06-25', 1, '', '2013-06-14 14:22:13', 2, 1),
(560, '759c5D31770ey5dc', 10, '2013-06-25', 1, '', '2013-06-14 14:22:13', 2, 1),
(561, '75aewe5801ae756f', 10, '2013-06-25', 1, '', '2013-06-14 14:22:13', 2, 1),
(562, '77gehXe15A196sx5', 10, '2013-06-25', 1, '', '2013-06-14 14:22:13', 2, 1),
(563, '7250a1B56cBur8u5', 10, '2013-06-25', 1, '', '2013-06-14 14:22:13', 2, 1),
(564, '781d3R15cR6Ge5a5', 10, '2013-06-25', 1, '', '2013-06-14 14:22:13', 2, 1),
(565, '7p4dN6X8f2IU515n', 10, '2013-06-25', 1, '', '2013-06-14 14:22:13', 2, 1),
(566, '755AuX4F#u68I513', 10, '2013-06-25', 1, '', '2013-06-14 14:22:13', 2, 1),
(567, '73e6ql58e6M5e164', 10, '2013-06-25', 1, '', '2013-06-14 14:22:13', 2, 1),
(568, '7Tpg585W6531uhs7', 10, '2013-06-25', 1, '', '2013-06-14 14:22:13', 2, 1),
(569, '7r51J58ATB68ND6r', 10, '2013-06-25', 1, '', '2013-06-14 14:22:13', 2, 1),
(570, '715685exdU7hn6u9', 10, '2013-06-25', 1, '', '2013-06-14 14:22:13', 2, 1),
(571, '7j3QY7b&D1255880', 10, '2013-06-25', 1, '', '2013-06-14 14:22:13', 2, 1),
(572, '715nf$87wZYnR591', 10, '2013-06-25', 1, '', '2013-06-14 14:22:13', 2, 1),
(573, '7e3512%Y90W570&5', 10, '2013-06-25', 1, '', '2013-06-14 14:22:13', 2, 1),
(574, '72a5sk175N93q51a', 10, '2013-06-25', 1, '', '2013-06-14 14:22:13', 2, 1),
(575, '7E9FO1f#S425E7t5', 10, '2013-06-25', 1, '', '2013-06-14 14:22:13', 2, 1),
(576, '73h555NN57hrTC19', 10, '2013-06-25', 1, '', '2013-06-14 14:22:13', 2, 1),
(577, '759NMgcK05746TC1', 10, '2013-06-25', 1, '', '2013-06-14 14:22:13', 2, 1),
(578, '7147y%5r57Gie9t5', 10, '2013-06-25', 1, '', '2013-06-14 14:22:13', 2, 1),
(579, '78GOu5kI1S6975el', 10, '2013-06-25', 1, '', '2013-06-14 14:22:13', 2, 1),
(580, '7r97e7RfK91@535@', 10, '2013-06-25', 1, '', '2013-06-14 14:22:13', 2, 1),
(581, '7k8HX108&lx5Q9u5', 10, '2013-06-25', 1, '', '2013-06-14 14:22:13', 2, 1),
(582, '795wQ1B15KU98e@O', 10, '2013-06-25', 1, '', '2013-06-14 14:22:13', 2, 1),
(583, '721M0u5TwY608SSc', 10, '2013-06-25', 1, '', '2013-06-14 14:22:13', 2, 1),
(584, '7eRGm01Q56g1a$83', 10, '2013-06-25', 1, '', '2013-06-14 14:22:13', 2, 1),
(585, '7@20CWn81o2653n4', 10, '2013-06-25', 1, '', '2013-06-14 14:22:13', 2, 1),
(586, '7%sl%K50c35168y@', 10, '2013-06-25', 1, '', '2013-06-14 14:22:13', 2, 1),
(587, '7bS1H66r80505So4', 10, '2013-06-25', 1, '', '2013-06-14 14:22:13', 2, 1),
(588, '750%7BI5q8HY6Cg1', 10, '2013-06-25', 1, '', '2013-06-14 14:22:13', 2, 1),
(589, '7680Ml68c53s1beA', 10, '2013-06-25', 1, '', '2013-06-14 14:22:13', 2, 1),
(590, '71uoOE7508zU96yM', 10, '2013-06-25', 1, '', '2013-06-14 14:22:13', 2, 1),
(591, '7aQxd96W0085e1c6', 10, '2013-06-25', 1, '', '2013-06-14 14:22:13', 2, 1),
(592, '7511C56E04giv99n', 10, '2013-06-25', 1, '', '2013-06-14 14:22:13', 2, 1),
(593, '72x1L1TC95&eC0U6', 10, '2013-06-25', 1, '', '2013-06-14 14:22:13', 2, 1),
(594, '711196xs5W53rruU', 10, '2013-06-25', 1, '', '2013-06-14 14:22:13', 2, 1),
(595, '7d15g6Q2QRM924n1', 10, '2013-06-25', 1, '', '2013-06-14 14:22:13', 2, 1),
(596, '75eu1U91r5MeNu36', 10, '2013-06-25', 1, '', '2013-06-14 14:22:13', 2, 1),
(597, '7H6391O146rWA5vP', 10, '2013-06-25', 1, '', '2013-06-14 14:22:13', 2, 1),
(598, '7Ja9506107Xez51g', 10, '2013-06-25', 1, '', '2013-06-14 14:22:13', 2, 1),
(599, '79Z15sSg616d68Lp', 10, '2013-06-25', 1, '', '2013-06-14 14:22:13', 2, 1),
(600, '7c71g59DLrr96b1j', 10, '2013-06-25', 1, '', '2013-06-14 14:22:13', 2, 1),
(601, '706GJe6151eet0w8', 10, '2013-06-25', 1, '', '2013-06-14 14:22:13', 2, 1),
(602, '7nXM619C661XT#10', 10, '2013-06-25', 1, '', '2013-06-14 14:22:13', 2, 1),
(603, '7B212066KlLCkpu0', 10, '2013-06-25', 1, '', '2013-06-14 14:22:13', 2, 1),
(604, '7f1mL3excn26016Q', 10, '2013-06-25', 1, '', '2013-06-14 14:22:13', 2, 1),
(605, '7u66%c0G2x41d2#M', 10, '2013-06-25', 1, '', '2013-06-14 14:22:13', 2, 1),
(606, '73emo5vd016626pU', 10, '2013-06-25', 1, '', '2013-06-14 14:22:13', 2, 1),
(607, '7B6AAH2ii106#6r4', 10, '2013-06-25', 1, '', '2013-06-14 14:22:13', 2, 1),
(608, '7Sd1sQ7e5at20656', 10, '2013-06-25', 1, '', '2013-06-14 14:22:13', 2, 1),
(609, '7OT0r18c6R66eJq2', 10, '2013-06-25', 1, '', '2013-06-14 14:22:13', 2, 1),
(610, '70z1F76Oux9ePk62', 10, '2013-06-25', 1, '', '2013-06-14 14:22:13', 2, 1),
(611, '782&a66101m0u3Ak', 10, '2013-06-25', 1, '', '2013-06-14 14:22:13', 2, 1),
(612, '71Yr91e2I6y16Jcd', 10, '2013-06-25', 1, '', '2013-06-14 14:22:13', 2, 1),
(613, '760e63Uu61re12Fr', 10, '2013-06-25', 1, '', '2013-06-14 14:22:13', 2, 1),
(614, '7Oqz116l331s6gBF', 10, '2013-06-25', 1, '', '2013-06-14 14:22:13', 2, 1),
(615, '75a2cVA6a1X3g641', 10, '2013-06-25', 1, '', '2013-06-14 14:22:13', 2, 1),
(616, '7Bn&4bs1335D16e6', 10, '2013-06-25', 1, '', '2013-06-14 14:22:13', 2, 1),
(617, '763k4066D5E16sg1', 10, '2013-06-25', 1, '', '2013-06-14 14:22:13', 2, 1),
(618, '75Mnw6617QG3&1Os', 10, '2013-06-25', 1, '', '2013-06-14 14:22:13', 2, 1),
(619, '7In36z1r158660er', 10, '2013-06-25', 1, '', '2013-06-14 14:22:13', 2, 1),
(620, '713971QkR6rkJ6pv', 10, '2013-06-25', 1, '', '2013-06-14 14:22:13', 2, 1),
(621, '7rb6e32on02ek816', 10, '2013-06-25', 1, '', '2013-06-14 14:22:13', 2, 1),
(622, '7y2u916Mk63Y1e6j', 10, '2013-06-25', 1, '', '2013-06-14 14:22:13', 2, 1),
(623, '7A22ek164n0uu66k', 10, '2013-06-25', 1, '', '2013-06-14 14:22:13', 2, 1),
(624, '7el16i42m1u6v6M3', 10, '2013-06-25', 1, '', '2013-06-14 14:22:13', 2, 1),
(625, '762&2Ru01Y44m26u', 10, '2013-06-25', 1, '', '2013-06-14 14:22:13', 2, 1),
(626, '7ya45u6ee2362e1g', 10, '2013-06-25', 1, '', '2013-06-14 14:22:13', 2, 1),
(627, '76yW621A4r4lA6Gy', 10, '2013-06-25', 1, '', '2013-06-14 14:22:13', 2, 1),
(628, '7G@1nO4R75nQ662c', 10, '2013-06-25', 1, '', '2013-06-14 14:22:13', 2, 1),
(629, '7c16@83e634qr62N', 10, '2013-06-25', 1, '', '2013-06-14 14:22:13', 2, 1),
(630, '769zrC3H7p4k26g1', 10, '2013-06-25', 1, '', '2013-06-14 14:22:13', 2, 1),
(631, '734ewQ6613038pDh', 10, '2013-06-25', 1, '', '2013-06-14 14:22:13', 2, 1),
(632, '74pw61Syv69C1a3J', 10, '2013-06-25', 1, '', '2013-06-14 14:22:13', 2, 1),
(633, '7152UcrUzG063@6l', 10, '2013-06-25', 1, '', '2013-06-14 14:22:13', 2, 1),
(634, '7Jr1605Pq53E13u6', 10, '2013-06-25', 1, '', '2013-06-14 14:22:13', 2, 1),
(635, '7ws6y2356crso4u1', 10, '2013-06-25', 1, '', '2013-06-14 14:22:13', 2, 1);
INSERT INTO `coupon` (`id`, `code`, `discount`, `expire_date`, `qty_use`, `detail`, `create_date`, `course_id`, `user_id`) VALUES
(636, '76e3DDde16y53S56', 10, '2013-06-25', 1, '', '2013-06-14 14:22:13', 2, 1),
(637, '7Pn5Zp646Bl1c36e', 10, '2013-06-25', 1, '', '2013-06-14 14:22:13', 2, 1),
(638, '7rT7c56AB65u3n16', 10, '2013-06-25', 1, '', '2013-06-14 14:22:13', 2, 1),
(639, '7O5e63cr6gee618j', 10, '2013-06-25', 1, '', '2013-06-14 14:22:13', 2, 1),
(640, '7u1ve6UJr7956CR3', 10, '2013-06-25', 1, '', '2013-06-14 14:22:13', 2, 1),
(641, '78c1N4k020564Y6e', 10, '2013-06-25', 1, '', '2013-06-14 14:22:13', 2, 1),
(642, '7o14@616n93n5aCr', 10, '2013-06-25', 1, '', '2013-06-14 14:22:13', 2, 1),
(643, '764ie62J3GE6x120', 10, '2013-06-25', 1, '', '2013-06-14 14:22:13', 2, 1),
(644, '7n3gn66z4d1u1a6a', 10, '2013-06-25', 1, '', '2013-06-14 14:22:13', 2, 1),
(645, '76Th4Uym2l641666', 10, '2013-06-25', 1, '', '2013-06-14 14:22:13', 2, 1),
(646, '74DM6656j1u3Xcgo', 10, '2013-06-25', 1, '', '2013-06-14 14:22:13', 2, 1),
(647, '7u2641r#Y664asP6', 10, '2013-06-25', 1, '', '2013-06-14 14:22:13', 2, 1),
(648, '7667R1p4PL5xWae6', 10, '2013-06-25', 1, '', '2013-06-14 14:22:13', 2, 1),
(649, '718LkhGM60E646g6', 10, '2013-06-25', 1, '', '2013-06-14 14:22:13', 2, 1),
(650, '76V17JN9ee6e6462', 10, '2013-06-25', 1, '', '2013-06-14 14:22:13', 2, 1),
(651, '7C15a6qV056F60p8', 10, '2013-06-25', 1, '', '2013-06-14 14:22:13', 2, 1),
(652, '761roat5e06d619n', 10, '2013-06-25', 1, '', '2013-06-14 14:22:13', 2, 1),
(653, '7z276pE26j0efC15', 10, '2013-06-25', 1, '', '2013-06-14 14:22:13', 2, 1),
(654, '73f6r1uDe16E5af7', 10, '2013-06-25', 1, '', '2013-06-14 14:22:13', 2, 1),
(655, '7622765yVY1k4rQD', 10, '2013-06-25', 1, '', '2013-06-14 14:22:13', 2, 1),
(656, '74a0z5y1676e6h5c', 10, '2013-06-25', 1, '', '2013-06-14 14:22:13', 2, 1),
(657, '7rE56E16Y5hupe67', 10, '2013-06-25', 1, '', '2013-06-14 14:22:13', 2, 1),
(658, '7n6s7nc70e1N56z6', 10, '2013-06-25', 1, '', '2013-06-14 14:22:13', 2, 1),
(659, '7jrk166RX8s7h5N7', 10, '2013-06-25', 1, '', '2013-06-14 14:22:13', 2, 1),
(660, '7Xc79Yqnn866c15e', 10, '2013-06-25', 1, '', '2013-06-14 14:22:13', 2, 1),
(661, '769xg0pc17cz6Be6', 10, '2013-06-25', 1, '', '2013-06-14 14:22:13', 2, 1),
(662, '78011PRura6sGM66', 10, '2013-06-25', 1, '', '2013-06-14 14:22:13', 2, 1),
(663, '7aoRp66F1261u#F8', 10, '2013-06-25', 1, '', '2013-06-14 14:22:13', 2, 1),
(664, '7e6132Qkrk668YHp', 10, '2013-06-25', 1, '', '2013-06-14 14:22:13', 2, 1),
(665, '7A6bjg6J4v3R5861', 10, '2013-06-25', 1, '', '2013-06-14 14:22:13', 2, 1),
(666, '75d14803g66xe3e6', 10, '2013-06-25', 1, '', '2013-06-14 14:22:13', 2, 1),
(667, '7n#63108#6V6ue56', 10, '2013-06-25', 1, '', '2013-06-14 14:22:13', 2, 1),
(668, '7567o6d81g6pe$a6', 10, '2013-06-25', 1, '', '2013-06-14 14:22:13', 2, 1),
(669, '781Ug6s8&66Ks#67', 10, '2013-06-25', 1, '', '2013-06-14 14:22:13', 2, 1),
(670, '798u3860rnk166ye', 10, '2013-06-25', 1, '', '2013-06-14 14:22:13', 2, 1),
(671, '77ku82Zu01626Y9c', 10, '2013-06-25', 1, '', '2013-06-14 14:22:13', 2, 1),
(672, '7Oac0679s1Q6yw%1', 10, '2013-06-25', 1, '', '2013-06-14 14:22:13', 2, 1),
(673, '7rCkg62961elVo71', 10, '2013-06-25', 1, '', '2013-06-14 14:22:13', 2, 1),
(674, '7tST1dA9b3n7266#', 10, '2013-06-25', 1, '', '2013-06-14 14:22:13', 2, 1),
(675, '796a7Nmn4a14cP63', 10, '2013-06-25', 1, '', '2013-06-14 14:22:13', 2, 1),
(676, '7%7K66n4159&@kU5', 10, '2013-06-25', 1, '', '2013-06-14 14:22:13', 2, 1),
(677, '76bX5e691k07r56C', 10, '2013-06-25', 1, '', '2013-06-14 14:22:13', 2, 1),
(678, '7O6596Q3%jr6771P', 10, '2013-06-25', 1, '', '2013-06-14 14:22:13', 2, 1),
(679, '7Q0o87eF5e16679X', 10, '2013-06-25', 1, '', '2013-06-14 14:22:13', 2, 1),
(680, '769R976CDcM1sF8e', 10, '2013-06-25', 1, '', '2013-06-14 14:22:13', 2, 1),
(681, '78g91U0y9s5W6gn6', 10, '2013-06-25', 1, '', '2013-06-14 14:22:13', 2, 1),
(682, '7e6$Y08r07%e113J', 10, '2013-06-25', 1, '', '2013-06-14 14:22:13', 2, 1),
(683, '7a07P2k1Q862NV15', 10, '2013-06-25', 1, '', '2013-06-14 14:22:13', 2, 1),
(684, '7L08Kn23716aQteU', 10, '2013-06-25', 1, '', '2013-06-14 14:22:13', 2, 1),
(685, '748r30kAIhrM76c1', 10, '2013-06-25', 1, '', '2013-06-14 14:22:13', 2, 1),
(686, '76r4a1&ub5h82r07', 10, '2013-06-25', 1, '', '2013-06-14 14:22:13', 2, 1),
(687, '76FLD75F6J51q8Q0', 10, '2013-06-25', 1, '', '2013-06-14 14:22:13', 2, 1),
(688, '7r8s10v6fEY7QD76', 10, '2013-06-25', 1, '', '2013-06-14 14:22:13', 2, 1),
(689, '7vT8vnO766187e0k', 10, '2013-06-25', 1, '', '2013-06-14 14:22:13', 2, 1),
(690, '7U9k6p%88lLmt017', 10, '2013-06-25', 1, '', '2013-06-14 14:22:13', 2, 1),
(691, '70Zf960wPe9H67J1', 10, '2013-06-25', 1, '', '2013-06-14 14:22:13', 2, 1),
(692, '79K10eq011eGz7Z6', 10, '2013-06-25', 1, '', '2013-06-14 14:22:13', 2, 1),
(693, '76c91#211Ap6g7je', 10, '2013-06-25', 1, '', '2013-06-14 14:22:13', 2, 1),
(694, '7lEt1e91637Ae2rj', 10, '2013-06-25', 1, '', '2013-06-14 14:22:13', 2, 1),
(695, '7171ja4o93s6JPZ%', 10, '2013-06-25', 1, '', '2013-06-14 14:22:13', 2, 1),
(696, '7sovg191u45a6zM7', 10, '2013-06-25', 1, '', '2013-06-14 14:22:13', 2, 1),
(697, '7SQn579c@5161n6r', 10, '2013-06-25', 1, '', '2013-06-14 14:22:13', 2, 1),
(698, '71reG5Ce19766ee7', 10, '2013-06-25', 1, '', '2013-06-14 14:22:13', 2, 1),
(699, '78916O1673@7cuQk', 10, '2013-06-25', 1, '', '2013-06-14 14:22:13', 2, 1),
(700, '79068TLe191nAef7', 10, '2013-06-25', 1, '', '2013-06-14 14:22:13', 2, 1),
(701, '7f7%10Ye9Xg10Qw7', 10, '2013-06-25', 1, '', '2013-06-14 14:22:13', 2, 1),
(702, '7a7a00nzx1LrD127', 10, '2013-06-25', 1, '', '2013-06-14 14:22:13', 2, 1),
(703, '7g1mE27i7RYc1d20', 10, '2013-06-25', 1, '', '2013-06-14 14:22:13', 2, 1),
(704, '7B170l7Bod2423oa', 10, '2013-06-25', 1, '', '2013-06-14 14:22:13', 2, 1),
(705, '71es770ekze243ry', 10, '2013-06-25', 1, '', '2013-06-14 14:22:13', 2, 1),
(706, '7kKa01u7I6of7245', 10, '2013-06-25', 1, '', '2013-06-14 14:22:13', 2, 1),
(707, '7a77O2d53eq60B1x', 10, '2013-06-25', 1, '', '2013-06-14 14:22:13', 2, 1),
(708, '7e&77W001Ta6PV72', 10, '2013-06-25', 1, '', '2013-06-14 14:22:13', 2, 1),
(709, '72708ShiN77$61px', 10, '2013-06-25', 1, '', '2013-06-14 14:22:13', 2, 1),
(710, '76@U1g9a072T80T7', 10, '2013-06-25', 1, '', '2013-06-14 14:22:13', 2, 1),
(711, '71U0R29aEc71c7n&', 10, '2013-06-25', 1, '', '2013-06-14 14:22:13', 2, 1),
(712, '71L7na710312crNo', 10, '2013-06-25', 1, '', '2013-06-14 14:22:13', 2, 1),
(713, '7B171n2lb17Xeec3', 10, '2013-06-25', 1, '', '2013-06-14 14:22:13', 2, 1),
(714, '7A7f%h71350312uD', 10, '2013-06-25', 1, '', '2013-06-14 14:22:13', 2, 1),
(715, '731a$3721u@s7v@4', 10, '2013-06-25', 1, '', '2013-06-14 14:22:13', 2, 1),
(716, '7174537eDplgu%k1', 10, '2013-06-25', 1, '', '2013-06-14 14:22:13', 2, 1),
(717, '7e&307n5611HE7qU', 10, '2013-06-25', 1, '', '2013-06-14 14:22:13', 2, 1),
(718, '73B711e#7veg667G', 10, '2013-06-25', 1, '', '2013-06-14 14:22:13', 2, 1),
(719, '7aen7z8e37B3#117', 10, '2013-06-25', 1, '', '2013-06-14 14:22:13', 2, 1),
(720, '797h1GW1v%73Tz8o', 10, '2013-06-25', 1, '', '2013-06-14 14:22:13', 2, 1),
(721, '7eu51h77903I24Ua', 10, '2013-06-25', 1, '', '2013-06-14 14:22:13', 2, 1),
(722, '74211273aC0kv7ep', 10, '2013-06-25', 1, '', '2013-06-14 14:22:13', 2, 1),
(723, '72W4T20e7n1#17Ai', 10, '2013-06-25', 1, '', '2013-06-14 14:22:13', 2, 1),
(724, '7wAI27J4I2o3e1#7', 10, '2013-06-25', 1, '', '2013-06-14 14:22:13', 2, 1),
(725, '71%ak35u7A54t247', 10, '2013-06-25', 1, '', '2013-06-14 14:22:13', 2, 1),
(726, '7Is3721NIgH4745&', 10, '2013-06-25', 1, '', '2013-06-14 14:22:13', 2, 1),
(727, '704n65y217D7dHQu', 10, '2013-06-25', 1, '', '2013-06-14 14:22:13', 2, 1),
(728, '77V7P4G07123RHW6', 10, '2013-06-25', 1, '', '2013-06-14 14:22:13', 2, 1),
(729, '7s47aKP3187aF27S', 10, '2013-06-25', 1, '', '2013-06-14 14:22:13', 2, 1),
(730, '7bua27M1e78T9H4J', 10, '2013-06-25', 1, '', '2013-06-14 14:22:13', 2, 1),
(731, '73YP7es7@491ir0t', 10, '2013-06-25', 1, '', '2013-06-14 14:22:13', 2, 1),
(732, '770zv5M@5z1a371o', 10, '2013-06-25', 1, '', '2013-06-14 14:22:13', 2, 1),
(733, '7N5us3E1127r3b74', 10, '2013-06-25', 1, '', '2013-06-14 14:22:13', 2, 1),
(734, '753S2n7&Ddl1u372', 10, '2013-06-25', 1, '', '2013-06-14 14:22:13', 2, 1),
(735, '77r7Di51oO34Err3', 10, '2013-06-25', 1, '', '2013-06-14 14:22:13', 2, 1),
(736, '7IV134P5R57ee7y5', 10, '2013-06-25', 1, '', '2013-06-14 14:22:13', 2, 1),
(737, '7ssE7t6155$#73Bw', 10, '2013-06-25', 1, '', '2013-06-14 14:22:13', 2, 1),
(738, '7YHca5h67y771e3R', 10, '2013-06-25', 1, '', '2013-06-14 14:22:13', 2, 1),
(739, '7m18L5d73L0er767', 10, '2013-06-25', 1, '', '2013-06-14 14:22:13', 2, 1),
(740, '7uVE13aye89He757', 10, '2013-06-25', 1, '', '2013-06-14 14:22:13', 2, 1),
(741, '7AH7u0c730r16594', 10, '2013-06-25', 1, '', '2013-06-14 14:22:13', 2, 1),
(742, '7631eu4N075e#1O7', 10, '2013-06-25', 1, '', '2013-06-14 14:22:13', 2, 1),
(743, '776iu14@K2&7Y1BE', 10, '2013-06-25', 1, '', '2013-06-14 14:22:13', 2, 1),
(744, '7avre62ip3717Y4P', 10, '2013-06-25', 1, '', '2013-06-14 14:22:13', 2, 1),
(745, '7754e5O#r3g4167C', 10, '2013-06-25', 1, '', '2013-06-14 14:22:13', 2, 1),
(746, '7C477a0c5fa4qO61', 10, '2013-06-25', 1, '', '2013-06-14 14:22:13', 2, 1),
(747, '7n3g1756se746ec6', 10, '2013-06-25', 1, '', '2013-06-14 14:22:13', 2, 1),
(748, '761#M3ha7Ar75764', 10, '2013-06-25', 1, '', '2013-06-14 14:22:13', 2, 1),
(749, '718a6Qu77Ojng447', 10, '2013-06-25', 1, '', '2013-06-14 14:22:13', 2, 1),
(750, '71u#847oji060Z97', 10, '2013-06-25', 1, '', '2013-06-14 14:22:13', 2, 1),
(751, '7KT1nNg906F57ae7', 10, '2013-06-25', 1, '', '2013-06-14 14:22:13', 2, 1),
(752, '71$1F3gx7e05M77L', 10, '2013-06-25', 1, '', '2013-06-14 14:22:13', 2, 1),
(753, '751r07O0M1N627k7', 10, '2013-06-25', 1, '', '2013-06-14 14:22:13', 2, 1),
(754, '7n7wrP531274rM70', 10, '2013-06-25', 1, '', '2013-06-14 14:22:13', 2, 1),
(755, '77g7%L$45170r3ru', 10, '2013-06-25', 1, '', '2013-06-14 14:22:13', 2, 1),
(756, '7eh7n4t5sE7251N7', 10, '2013-06-25', 1, '', '2013-06-14 14:22:13', 2, 1),
(757, '71D5u7EpF6577ci6', 10, '2013-06-25', 1, '', '2013-06-14 14:22:13', 2, 1),
(758, '7xRs57$71fa767vi', 10, '2013-06-25', 1, '', '2013-06-14 14:22:13', 2, 1),
(759, '7K7gS75817%7Lhn3', 10, '2013-06-25', 1, '', '2013-06-14 14:22:13', 2, 1),
(760, '75nk87p%Qu7um791', 10, '2013-06-25', 1, '', '2013-06-14 14:22:13', 2, 1),
(761, '7977x70rPh3Xut16', 10, '2013-06-25', 1, '', '2013-06-14 14:22:13', 2, 1),
(762, '7aKb6107@7nN1k48', 10, '2013-06-25', 1, '', '2013-06-14 14:22:13', 2, 1),
(763, '7o8uDqM722M06u71', 10, '2013-06-25', 1, '', '2013-06-14 14:22:13', 2, 1),
(764, '7XY376B318Lhy7gs', 10, '2013-06-25', 1, '', '2013-06-14 14:22:13', 2, 1),
(765, '7u6EcH47lS7W814q', 10, '2013-06-25', 1, '', '2013-06-14 14:22:13', 2, 1),
(766, '75o5uP771aP%5Z86', 10, '2013-06-25', 1, '', '2013-06-14 14:22:13', 2, 1),
(767, '7q7a67866aX1%LR&', 10, '2013-06-25', 1, '', '2013-06-14 14:22:13', 2, 1),
(768, '7Pa3kl&71877Kk67', 10, '2013-06-25', 1, '', '2013-06-14 14:22:13', 2, 1),
(769, '7$87786lNu3ck18c', 10, '2013-06-25', 1, '', '2013-06-14 14:22:13', 2, 1),
(770, '7n16a9tKd93R7m87', 10, '2013-06-25', 1, '', '2013-06-14 14:22:13', 2, 1),
(771, '74600M91u7O77Jvx', 10, '2013-06-25', 1, '', '2013-06-14 14:22:13', 2, 1),
(772, '7AoFu7aeq11k1797', 10, '2013-06-25', 1, '', '2013-06-14 14:22:13', 2, 1),
(773, '7aG7e397cn2172Tu', 10, '2013-06-25', 1, '', '2013-06-14 14:22:13', 2, 1),
(774, '79s77rE74k33D1j0', 10, '2013-06-25', 1, '', '2013-06-14 14:22:13', 2, 1),
(775, '7e7De14v97g634I7', 10, '2013-06-25', 1, '', '2013-06-14 14:22:13', 2, 1),
(776, '79mtY0Zf74571j75', 10, '2013-06-25', 1, '', '2013-06-14 14:22:13', 2, 1),
(777, '7d6NU71797CPg6uo', 10, '2013-06-25', 1, '', '2013-06-14 14:22:13', 2, 1),
(778, '7LmSa791$77K7#75', 10, '2013-06-25', 1, '', '2013-06-14 14:22:13', 2, 1),
(779, '7W9r1R7rhUa88e77', 10, '2013-06-25', 1, '', '2013-06-14 14:22:13', 2, 1),
(780, '7Pgs9B7971p7cM9u', 10, '2013-06-25', 1, '', '2013-06-14 14:22:13', 2, 1),
(781, '7JVrp7G10t8n0M80', 10, '2013-06-25', 1, '', '2013-06-14 14:22:13', 2, 1),
(782, '7561e17081E8zrJn', 10, '2013-06-25', 1, '', '2013-06-14 14:22:13', 2, 1),
(783, '7j71e0e8522r8XUL', 10, '2013-06-25', 1, '', '2013-06-14 14:22:13', 2, 1),
(784, '7VanN78b01sc0383', 10, '2013-06-25', 1, '', '2013-06-14 14:22:13', 2, 1),
(785, '7303J4841C7r8a6O', 10, '2013-06-25', 1, '', '2013-06-14 14:22:13', 2, 1),
(786, '78Lc#52837%vs150', 10, '2013-06-25', 1, '', '2013-06-14 14:22:13', 2, 1),
(787, '7808e5en6rF71c6x', 10, '2013-06-25', 1, '', '2013-06-14 14:22:13', 2, 1),
(788, '7v88c7Mt177u0BY0', 10, '2013-06-25', 1, '', '2013-06-14 14:22:13', 2, 1),
(789, '732V7e80Dr8%188h', 10, '2013-06-25', 1, '', '2013-06-14 14:22:13', 2, 1),
(790, '790rgG18e78$B9vn', 10, '2013-06-25', 1, '', '2013-06-14 14:22:13', 2, 1),
(791, '780o90V4rPu117oE', 10, '2013-06-25', 1, '', '2013-06-14 14:22:13', 2, 1),
(792, '71vBhB7LR8W1911h', 10, '2013-06-25', 1, '', '2013-06-14 14:22:13', 2, 1),
(793, '71891le2HsR2r27o', 10, '2013-06-25', 1, '', '2013-06-14 14:22:13', 2, 1),
(794, '79JDV1e3a1l%7830', 10, '2013-06-25', 1, '', '2013-06-14 14:22:13', 2, 1),
(795, '7T8a74j1pFK1f94r', 10, '2013-06-25', 1, '', '2013-06-14 14:22:13', 2, 1),
(796, '75@1&7ar8N5319tb', 10, '2013-06-25', 1, '', '2013-06-14 14:22:13', 2, 1),
(797, '7eM67nV89dS61t61', 10, '2013-06-25', 1, '', '2013-06-14 14:22:13', 2, 1),
(798, '781s7gq19M7a7ebe', 10, '2013-06-25', 1, '', '2013-06-14 14:22:13', 2, 1),
(799, '77g88U8bFX1r1Z9a', 10, '2013-06-25', 1, '', '2013-06-14 14:22:13', 2, 1),
(800, '77Au1$r8uFo9199s', 10, '2013-06-25', 1, '', '2013-06-14 14:22:13', 2, 1),
(801, '72N1WO0na0Y80#M8', 10, '2013-06-25', 1, '', '2013-06-14 14:22:13', 2, 1),
(802, '71a10328J6L81If#', 10, '2013-06-25', 1, '', '2013-06-14 14:22:13', 2, 1),
(803, '78n2010UeXC822Al', 10, '2013-06-25', 1, '', '2013-06-14 14:22:13', 2, 1),
(804, '73T8A0rer5E3281c', 10, '2013-06-25', 1, '', '2013-06-14 14:22:13', 2, 1),
(805, '78K44pJ238qdo410', 10, '2013-06-25', 1, '', '2013-06-14 14:22:13', 2, 1),
(806, '7eD18x52NZ0u5Z85', 10, '2013-06-25', 1, '', '2013-06-14 14:22:13', 2, 1),
(807, '72660tnK88o10jaC', 10, '2013-06-25', 1, '', '2013-06-14 14:22:13', 2, 1),
(808, '7W8w8ukO2#710wT7', 10, '2013-06-25', 1, '', '2013-06-14 14:22:13', 2, 1),
(809, '78g8Sd8#U1P82n0W', 10, '2013-06-25', 1, '', '2013-06-14 14:22:13', 2, 1),
(810, '7z80162Y9n0934&8', 10, '2013-06-25', 1, '', '2013-06-14 14:22:13', 2, 1),
(811, '76#A8Fw8F131vR00', 10, '2013-06-25', 1, '', '2013-06-14 14:22:13', 2, 1),
(812, '72PA4113ms81yB18', 10, '2013-06-25', 1, '', '2013-06-14 14:22:13', 2, 1),
(813, '783e1rUf223xc518', 10, '2013-06-25', 1, '', '2013-06-14 14:22:13', 2, 1),
(814, '7181$QK834HEUD33', 10, '2013-06-25', 1, '', '2013-06-14 14:22:13', 2, 1),
(815, '7a11Q8kI4328BMO4', 10, '2013-06-25', 1, '', '2013-06-14 14:22:13', 2, 1),
(816, '7O538lw1a80atP15', 10, '2013-06-25', 1, '', '2013-06-14 14:22:13', 2, 1),
(817, '763k$#1y218q6pt8', 10, '2013-06-25', 1, '', '2013-06-14 14:22:13', 2, 1),
(818, '771GdJn3eO1878z3', 10, '2013-06-25', 1, '', '2013-06-14 14:22:13', 2, 1),
(819, '7n38X18ve@818e3g', 10, '2013-06-25', 1, '', '2013-06-14 14:22:13', 2, 1),
(820, '7rVyS1889493r1fd', 10, '2013-06-25', 1, '', '2013-06-14 14:22:13', 2, 1),
(821, '7p28020QD48aV5E1', 10, '2013-06-25', 1, '', '2013-06-14 14:22:13', 2, 1),
(822, '78ix4S211nd310K8', 10, '2013-06-25', 1, '', '2013-06-14 14:22:13', 2, 1),
(823, '728g2@1Jr2YuZr84', 10, '2013-06-25', 1, '', '2013-06-14 14:22:13', 2, 1),
(824, '721g33s%8B43A8nA', 10, '2013-06-25', 1, '', '2013-06-14 14:22:13', 2, 1),
(825, '7zVhe8h4r1844en2', 10, '2013-06-25', 1, '', '2013-06-14 14:22:13', 2, 1),
(826, '73315I58a24u8ncc', 10, '2013-06-25', 1, '', '2013-06-14 14:22:13', 2, 1),
(827, '7a8x3A18Q42e6%6u', 10, '2013-06-25', 1, '', '2013-06-14 14:22:13', 2, 1),
(828, '7K8k7K1oE4R78U2J', 10, '2013-06-25', 1, '', '2013-06-14 14:22:13', 2, 1),
(829, '75r8%l28r1488PAe', 10, '2013-06-25', 1, '', '2013-06-14 14:22:13', 2, 1),
(830, '718zoz2SS9D948e@', 10, '2013-06-25', 1, '', '2013-06-14 14:22:13', 2, 1),
(831, '7eU1Cypu30a58p08', 10, '2013-06-25', 1, '', '2013-06-14 14:22:13', 2, 1),
(832, '71UhJ13Xpa810#85', 10, '2013-06-25', 1, '', '2013-06-14 14:22:13', 2, 1),
(833, '75822t8N3g1XgZe#', 10, '2013-06-25', 1, '', '2013-06-14 14:22:13', 2, 1),
(834, '78e3az581n3fbe35', 10, '2013-06-25', 1, '', '2013-06-14 14:22:13', 2, 1),
(835, '7384&r414LKrV85e', 10, '2013-06-25', 1, '', '2013-06-14 14:22:13', 2, 1),
(836, '7%F13G5i8@o5e58L', 10, '2013-06-25', 1, '', '2013-06-14 14:22:13', 2, 1),
(837, '7rS5a6f%81638IxW', 10, '2013-06-25', 1, '', '2013-06-14 14:22:13', 2, 1),
(838, '7q8xe7138n35n7&u', 10, '2013-06-25', 1, '', '2013-06-14 14:22:13', 2, 1),
(839, '780e85CY1883IkUe', 10, '2013-06-25', 1, '', '2013-06-14 14:22:13', 2, 1),
(840, '7e81zCp9ac53pt98', 10, '2013-06-25', 1, '', '2013-06-14 14:22:13', 2, 1),
(841, '70408D85Wg1s66nV', 10, '2013-06-25', 1, '', '2013-06-14 14:22:13', 2, 1),
(842, '78poa46U811ee1G3', 10, '2013-06-25', 1, '', '2013-06-14 14:22:13', 2, 1),
(843, '7a#U6F144Mo2S882', 10, '2013-06-25', 1, '', '2013-06-14 14:22:13', 2, 1),
(844, '7Os3gn61q4%8r83X', 10, '2013-06-25', 1, '', '2013-06-14 14:22:13', 2, 1),
(845, '7e14$df844Yr6SR8', 10, '2013-06-25', 1, '', '2013-06-14 14:22:13', 2, 1),
(846, '7ed8b15@R864k55u', 10, '2013-06-25', 1, '', '2013-06-14 14:22:13', 2, 1),
(847, '7ML%66q6U48t8Xu1', 10, '2013-06-25', 1, '', '2013-06-14 14:22:13', 2, 1),
(848, '7NC63DR77818uN4C', 10, '2013-06-25', 1, '', '2013-06-14 14:22:13', 2, 1),
(849, '7n4886rV8A18BpG0', 10, '2013-06-25', 1, '', '2013-06-14 14:22:13', 2, 1),
(850, '7Ia4n891S96s3nb8', 10, '2013-06-25', 1, '', '2013-06-14 14:22:13', 2, 1),
(851, '70h0e7885O4B1KD0', 10, '2013-06-25', 1, '', '2013-06-14 14:22:13', 2, 1),
(852, '71U8856Otu71m1g6', 10, '2013-06-25', 1, '', '2013-06-14 14:22:13', 2, 1),
(853, '727t81kws8e5e2M0', 10, '2013-06-25', 1, '', '2013-06-14 14:22:13', 2, 1),
(854, '7358vnE53M17u8Qo', 10, '2013-06-25', 1, '', '2013-06-14 14:22:13', 2, 1),
(855, '7417Se6T8d545o8e', 10, '2013-06-25', 1, '', '2013-06-14 14:22:13', 2, 1),
(856, '7A18587vwss5rgZ5', 10, '2013-06-25', 1, '', '2013-06-14 14:22:13', 2, 1),
(857, '7r86zkmroV816754', 10, '2013-06-25', 1, '', '2013-06-14 14:22:13', 2, 1),
(858, '7y0818rrD75Q7H7J', 10, '2013-06-25', 1, '', '2013-06-14 14:22:13', 2, 1),
(859, '75u7X8q881g8%r60', 10, '2013-06-25', 1, '', '2013-06-14 14:22:13', 2, 1),
(860, '7jqaDHc7Z891&958', 10, '2013-06-25', 1, '', '2013-06-14 14:22:13', 2, 1),
(861, '7$06g81mWv8wY8e0', 10, '2013-06-25', 1, '', '2013-06-14 14:22:13', 2, 1),
(862, '7h16c5X81818gGv6', 10, '2013-06-25', 1, '', '2013-06-14 14:22:13', 2, 1),
(863, '78225gb$ermD8618', 10, '2013-06-25', 1, '', '2013-06-14 14:22:13', 2, 1),
(864, '7868YUah8Ub3321v', 10, '2013-06-25', 1, '', '2013-06-14 14:22:13', 2, 1),
(865, '7U61t@Ia88Z44e8e', 10, '2013-06-25', 1, '', '2013-06-14 14:22:13', 2, 1),
(866, '7518&58oer8kj@36', 10, '2013-06-25', 1, '', '2013-06-14 14:22:13', 2, 1),
(867, '78066eca6c81JQ8S', 10, '2013-06-25', 1, '', '2013-06-14 14:22:13', 2, 1),
(868, '7u13786588ur7eTE', 10, '2013-06-25', 1, '', '2013-06-14 14:22:13', 2, 1),
(869, '78c8$h1cn8g86d38', 10, '2013-06-25', 1, '', '2013-06-14 14:22:13', 2, 1),
(870, '7uV8e3F18n9896dF', 10, '2013-06-25', 1, '', '2013-06-14 14:22:13', 2, 1),
(871, '7008719Jkxw8rANg', 10, '2013-06-25', 1, '', '2013-06-14 14:22:13', 2, 1),
(872, '78T91z17sxckEE81', 10, '2013-06-25', 1, '', '2013-06-14 14:22:13', 2, 1),
(873, '788pp921eaP72Vrk', 10, '2013-06-25', 1, '', '2013-06-14 14:22:13', 2, 1),
(874, '7kZ1Q3uW73w8bO89', 10, '2013-06-25', 1, '', '2013-06-14 14:22:13', 2, 1),
(875, '7610844ae0798PeS', 10, '2013-06-25', 1, '', '2013-06-14 14:22:13', 2, 1),
(876, '7Ug885yH9n75e1en', 10, '2013-06-25', 1, '', '2013-06-14 14:22:13', 2, 1),
(877, '7M8o7m6196680jur', 10, '2013-06-25', 1, '', '2013-06-14 14:22:13', 2, 1),
(878, '7778x3d7K894V3n1', 10, '2013-06-25', 1, '', '2013-06-14 14:22:13', 2, 1),
(879, '7L8W817ZkC988oVu', 10, '2013-06-25', 1, '', '2013-06-14 14:22:13', 2, 1),
(880, '77W528991Mbr8d09', 10, '2013-06-25', 1, '', '2013-06-14 14:22:13', 2, 1),
(881, '7800ac129H00ND8p', 10, '2013-06-25', 1, '', '2013-06-14 14:22:13', 2, 1),
(882, '7v21eo8V98s0aWD1', 10, '2013-06-25', 1, '', '2013-06-14 14:22:13', 2, 1),
(883, '783F300fHu168920', 10, '2013-06-25', 1, '', '2013-06-14 14:22:13', 2, 1),
(884, '76e8084R31nXs49u', 10, '2013-06-25', 1, '', '2013-06-14 14:22:13', 2, 1),
(885, '78n5Jq0&914aO8oC', 10, '2013-06-25', 1, '', '2013-06-14 14:22:13', 2, 1),
(886, '7c054r898S361M@5', 10, '2013-06-25', 1, '', '2013-06-14 14:22:13', 2, 1),
(887, '7iL9618#3lM08C7O', 10, '2013-06-25', 1, '', '2013-06-14 14:22:13', 2, 1),
(888, '7Ju8Y@g17Fu880r9', 10, '2013-06-25', 1, '', '2013-06-14 14:22:13', 2, 1),
(889, '7OB2B396881985a0', 10, '2013-06-25', 1, '', '2013-06-14 14:22:13', 2, 1),
(890, '756#8j90G38@19%1', 10, '2013-06-25', 1, '', '2013-06-14 14:22:13', 2, 1),
(891, '7481r1I1fS9yXx90', 10, '2013-06-25', 1, '', '2013-06-14 14:22:13', 2, 1),
(892, '729oPB11CpKg918&', 10, '2013-06-25', 1, '', '2013-06-14 14:22:13', 2, 1),
(893, '7yg82G9ug3ed11u9', 10, '2013-06-25', 1, '', '2013-06-14 14:22:13', 2, 1),
(894, '789p3r92QS11hh4M', 10, '2013-06-25', 1, '', '2013-06-14 14:22:13', 2, 1),
(895, '7p9a48q21U195RJY', 10, '2013-06-25', 1, '', '2013-06-14 14:22:13', 2, 1),
(896, '71KBI16n95Ac8u9z', 10, '2013-06-25', 1, '', '2013-06-14 14:22:13', 2, 1),
(897, '7e991$8S76V#tia1', 10, '2013-06-25', 1, '', '2013-06-14 14:22:13', 2, 1),
(898, '79rHsu#1W887ey19', 10, '2013-06-25', 1, '', '2013-06-14 14:22:13', 2, 1),
(899, '7A3t95f811a0998k', 10, '2013-06-25', 1, '', '2013-06-14 14:22:13', 2, 1),
(900, '799e84P10W229Wre', 10, '2013-06-25', 1, '', '2013-06-14 14:22:13', 2, 1),
(901, '79UG1n0gQ21rku90', 10, '2013-06-25', 1, '', '2013-06-14 14:22:13', 2, 1),
(902, '7nr2b9Y9vKy01n21', 10, '2013-06-25', 1, '', '2013-06-14 14:22:13', 2, 1),
(903, '7229013RJP0e#e39', 10, '2013-06-25', 1, '', '2013-06-14 14:22:13', 2, 1),
(904, '7O91WPD30jo4902e', 10, '2013-06-25', 1, '', '2013-06-14 14:22:13', 2, 1),
(905, '75912A@P4n50P09w', 10, '2013-06-25', 1, '', '2013-06-14 14:22:13', 2, 1),
(906, '725vF0%#Z1t6o99P', 10, '2013-06-25', 1, '', '2013-06-14 14:22:13', 2, 1),
(907, '7D709e@92fmV6oG1', 10, '2013-06-25', 1, '', '2013-06-14 14:22:13', 2, 1),
(908, '798G7$902nzc1CDb', 10, '2013-06-25', 1, '', '2013-06-14 14:22:13', 2, 1),
(909, '7809L5gl@hYk2199', 10, '2013-06-25', 1, '', '2013-06-14 14:22:13', 2, 1),
(910, '709Mjs00193xo6U9', 10, '2013-06-25', 1, '', '2013-06-14 14:22:13', 2, 1),
(911, '711R9s$n0Ie9z13r', 10, '2013-06-25', 1, '', '2013-06-14 14:22:13', 2, 1),
(912, '7n193oO119n2SUxJ', 10, '2013-06-25', 1, '', '2013-06-14 14:22:13', 2, 1),
(913, '7nDB313V91eK9r2s', 10, '2013-06-25', 1, '', '2013-06-14 14:22:13', 2, 1),
(914, '7d0916Lvi3m1T934', 10, '2013-06-25', 1, '', '2013-06-14 14:22:13', 2, 1),
(915, '7#U1fT49w9v135cM', 10, '2013-06-25', 1, '', '2013-06-14 14:22:13', 2, 1),
(916, '7t993#2iR51r166Z', 10, '2013-06-25', 1, '', '2013-06-14 14:22:13', 2, 1),
(917, '71rcUzF971b6a93B', 10, '2013-06-25', 1, '', '2013-06-14 14:22:13', 2, 1),
(918, '7q1zk157Z998Crk3', 10, '2013-06-25', 1, '', '2013-06-14 14:22:13', 2, 1),
(919, '7RC1938v9e9O1%ey', 10, '2013-06-25', 1, '', '2013-06-14 14:22:13', 2, 1),
(920, '749xkKe1GWt9910o', 10, '2013-06-25', 1, '', '2013-06-14 14:22:13', 2, 1),
(921, '7M10529eab1g49N5', 10, '2013-06-25', 1, '', '2013-06-14 14:22:13', 2, 1),
(922, '792Qgwn2hPlz1491', 10, '2013-06-25', 1, '', '2013-06-14 14:22:13', 2, 1),
(923, '7RkxQ1939422orQn', 10, '2013-06-25', 1, '', '2013-06-14 14:22:13', 2, 1),
(924, '7eP44U19wuRQ9E23', 10, '2013-06-25', 1, '', '2013-06-14 14:22:13', 2, 1),
(925, '7442g1wad9s9ka@5', 10, '2013-06-25', 1, '', '2013-06-14 14:22:13', 2, 1),
(926, '7yn2AQ6t5439$195', 10, '2013-06-25', 1, '', '2013-06-14 14:22:13', 2, 1),
(927, '76N9u7234N9CWe1r', 10, '2013-06-25', 1, '', '2013-06-14 14:22:13', 2, 1),
(928, '7eY4G0728eI1h9a9', 10, '2013-06-25', 1, '', '2013-06-14 14:22:13', 2, 1),
(929, '799e21km9A8Toa4l', 10, '2013-06-25', 1, '', '2013-06-14 14:22:13', 2, 1),
(930, '729V#&5699A0ve1z', 10, '2013-06-25', 1, '', '2013-06-14 14:22:13', 2, 1),
(931, '7to09ES3591Mkid1', 10, '2013-06-25', 1, '', '2013-06-14 14:22:13', 2, 1),
(932, '7kT9w2UR3G12915Z', 10, '2013-06-25', 1, '', '2013-06-14 14:22:13', 2, 1),
(933, '761r3$592z903ek5', 10, '2013-06-25', 1, '', '2013-06-14 14:22:13', 2, 1),
(934, '7ox14kc9d53vU3F9', 10, '2013-06-25', 1, '', '2013-06-14 14:22:13', 2, 1),
(935, '749r515Q36n95fga', 10, '2013-06-25', 1, '', '2013-06-14 14:22:13', 2, 1),
(936, '7Ycr5s36nOH9195k', 10, '2013-06-25', 1, '', '2013-06-14 14:22:13', 2, 1),
(937, '7Nr0x95W91367#la', 10, '2013-06-25', 1, '', '2013-06-14 14:22:13', 2, 1),
(938, '7Ej9kg1837@9$5O6', 10, '2013-06-25', 1, '', '2013-06-14 14:22:13', 2, 1),
(939, '7859Ora9bw19r3nU', 10, '2013-06-25', 1, '', '2013-06-14 14:22:13', 2, 1),
(940, '7r0E1A$9i6lQ99N3', 10, '2013-06-25', 1, '', '2013-06-14 14:22:13', 2, 1),
(941, '760l0n9SoTe11o49', 10, '2013-06-25', 1, '', '2013-06-14 14:22:13', 2, 1),
(942, '7$19406yKe9X12&S', 10, '2013-06-25', 1, '', '2013-06-14 14:22:13', 2, 1),
(943, '719e264MheT9&r3e', 10, '2013-06-25', 1, '', '2013-06-14 14:22:13', 2, 1),
(944, '7k4O1te0e963QD49', 10, '2013-06-25', 1, '', '2013-06-14 14:22:13', 2, 1),
(945, '7F516Kr9kUb44@9e', 10, '2013-06-25', 1, '', '2013-06-14 14:22:13', 2, 1),
(946, '7du1F6absJI64995', 10, '2013-06-25', 1, '', '2013-06-14 14:22:13', 2, 1),
(947, '7n69196I7fe64euz', 10, '2013-06-25', 1, '', '2013-06-14 14:22:13', 2, 1),
(948, '787n9eeL1a9u6l4C', 10, '2013-06-25', 1, '', '2013-06-14 14:22:13', 2, 1),
(949, '7d949e8eLx1z6k9q', 10, '2013-06-25', 1, '', '2013-06-14 14:22:13', 2, 1),
(950, '7ki9eK7U%g019S94', 10, '2013-06-25', 1, '', '2013-06-14 14:22:13', 2, 1),
(951, '7hLb9SB01&517u09', 10, '2013-06-25', 1, '', '2013-06-14 14:22:13', 2, 1),
(952, '79219$K5kS16eae7', 10, '2013-06-25', 1, '', '2013-06-14 14:22:13', 2, 1),
(953, '79&E9f521et7G3Te', 10, '2013-06-25', 1, '', '2013-06-14 14:22:13', 2, 1),
(954, '7941F45ik7dn9t03', 10, '2013-06-25', 1, '', '2013-06-14 14:22:13', 2, 1),
(955, '754h57L19SkTnJ9Q', 10, '2013-06-25', 1, '', '2013-06-14 14:22:13', 2, 1),
(956, '79uS6AvGga719555', 10, '2013-06-25', 1, '', '2013-06-14 14:22:13', 2, 1),
(957, '7B975976J1%kQjnr', 10, '2013-06-25', 1, '', '2013-06-14 14:22:13', 2, 1),
(958, '757971nUeepx8nY9', 10, '2013-06-25', 1, '', '2013-06-14 14:22:13', 2, 1),
(959, '7UE1Re97599iN8M6', 10, '2013-06-25', 1, '', '2013-06-14 14:22:13', 2, 1),
(960, '7xs1Xn9Qs9k50n98', 10, '2013-06-25', 1, '', '2013-06-14 14:22:13', 2, 1),
(961, '7Eag18H1U690k9mb', 10, '2013-06-25', 1, '', '2013-06-14 14:22:13', 2, 1),
(962, '7ee49n116s29o38L', 10, '2013-06-25', 1, '', '2013-06-14 14:22:13', 2, 1),
(963, '7e2n8h%3199sy656', 10, '2013-06-25', 1, '', '2013-06-14 14:22:13', 2, 1),
(964, '7J6Leo399op48r1X', 10, '2013-06-25', 1, '', '2013-06-14 14:22:13', 2, 1),
(965, '7k959r86561si4A3', 10, '2013-06-25', 1, '', '2013-06-14 14:22:13', 2, 1),
(966, '769hs85I6hWG9k&1', 10, '2013-06-25', 1, '', '2013-06-14 14:22:13', 2, 1),
(967, '7cL66Z95C9n8417K', 10, '2013-06-25', 1, '', '2013-06-14 14:22:13', 2, 1),
(968, '74C889n17Y9B6heH', 10, '2013-06-25', 1, '', '2013-06-14 14:22:13', 2, 1),
(969, '7krs89b89kr6A9g1', 10, '2013-06-25', 1, '', '2013-06-14 14:22:13', 2, 1),
(970, '7L693bs909x96nW1', 10, '2013-06-25', 1, '', '2013-06-14 14:22:13', 2, 1),
(971, '7mQ091d917@of9TK', 10, '2013-06-25', 1, '', '2013-06-14 14:22:13', 2, 1),
(972, '7S27519H3W9c91we', 10, '2013-06-25', 1, '', '2013-06-14 14:22:13', 2, 1),
(973, '79t3ZbT7n09U1M92', 10, '2013-06-25', 1, '', '2013-06-14 14:22:13', 2, 1),
(974, '7e17Tc9M943MJP9o', 10, '2013-06-25', 1, '', '2013-06-14 14:22:13', 2, 1),
(975, '7149&Hp%5e95w973', 10, '2013-06-25', 1, '', '2013-06-14 14:22:13', 2, 1),
(976, '7565Wc0919z2#79t', 10, '2013-06-25', 1, '', '2013-06-14 14:22:13', 2, 1),
(977, '776u9cK017aLo9&9', 10, '2013-06-25', 1, '', '2013-06-14 14:22:13', 2, 1),
(978, '7e9m7R1Lf97o9U8O', 10, '2013-06-25', 1, '', '2013-06-14 14:22:13', 2, 1),
(979, '7S9E97ec8wMn919o', 10, '2013-06-25', 1, '', '2013-06-14 14:22:13', 2, 1),
(980, '701N%v7$9010kAWe', 10, '2013-06-25', 1, '', '2013-06-14 14:22:13', 2, 1),
(981, '7eR0Kek180$1p19a', 10, '2013-06-25', 1, '', '2013-06-14 14:22:13', 2, 1),
(982, '7h001P6E621n81Wu', 10, '2013-06-25', 1, '', '2013-06-14 14:22:13', 2, 1),
(983, '79aJcg03S8J0j112', 10, '2013-06-25', 1, '', '2013-06-14 14:22:13', 2, 1),
(984, '7910Ays48T013ae0', 10, '2013-06-25', 1, '', '2013-06-14 14:22:13', 2, 1),
(985, '701vr1065Y9Vpn84', 10, '2013-06-25', 1, '', '2013-06-14 14:22:13', 2, 1),
(986, '7Nv6uFe850r9q011', 10, '2013-06-25', 1, '', '2013-06-14 14:22:13', 2, 1),
(987, '708n93rvu6110fa7', 10, '2013-06-25', 1, '', '2013-06-14 14:22:13', 2, 1),
(988, '71y1e9Mw7R8080Gn', 10, '2013-06-25', 1, '', '2013-06-14 14:22:13', 2, 1),
(989, '7u18q10K9l9g8d0@', 10, '2013-06-25', 1, '', '2013-06-14 14:22:13', 2, 1),
(990, '719socC80JX910F1', 10, '2013-06-25', 1, '', '2013-06-14 14:22:13', 2, 1),
(991, '7190n1r1zg1kS90P', 10, '2013-06-25', 1, '', '2013-06-14 14:22:13', 2, 1),
(992, '7rD10I22hYP1H991', 10, '2013-06-25', 1, '', '2013-06-14 14:22:13', 2, 1),
(993, '79re11321ku9f0We', 10, '2013-06-25', 1, '', '2013-06-14 14:22:13', 2, 1),
(994, '71$P19o0Y400R159', 10, '2013-06-25', 1, '', '2013-06-14 14:22:13', 2, 1),
(995, '7owa5i011439Ok91', 10, '2013-06-25', 1, '', '2013-06-14 14:22:13', 2, 1),
(996, '7b16a1kjrU1i509n', 10, '2013-06-25', 1, '', '2013-06-14 14:22:13', 2, 1),
(997, '7I1w1s1ZnD903679', 10, '2013-06-25', 1, '', '2013-06-14 14:22:13', 2, 1),
(998, '7Mp1017s89as1E09', 10, '2013-06-25', 1, '', '2013-06-14 14:22:13', 2, 1),
(999, '79J0Ees1fEe18199', 10, '2013-06-25', 1, '', '2013-06-14 14:22:13', 2, 1),
(1000, '79012TIrk009a439', 10, '2013-06-25', 1, '', '2013-06-14 14:22:13', 2, 1),
(1001, '7i1Yh11200001ay0', 10, '2013-06-25', 1, '', '2013-06-14 14:22:13', 2, 1),
(1002, '7OePChH4u1546', 10, '2013-06-28', 1, 'discount 10%', '2013-06-14 16:58:45', 4, 4),
(1003, '7x4JgFEMk47L2', 10, '2013-06-28', 1, 'discount 10%', '2013-06-14 16:58:45', 4, 4),
(1004, '74Xga8ko5Ru43', 10, '2013-06-28', 1, 'discount 10%', '2013-06-14 16:58:45', 4, 4),
(1005, '746434Xu9gu0H', 10, '2013-06-28', 1, 'discount 10%', '2013-06-14 16:58:45', 4, 4),
(1006, '7F5krg4P0PyB5', 10, '2013-06-28', 1, 'discount 10%', '2013-06-14 16:58:45', 4, 4),
(1007, '7m6uLn4i1p5eZ', 10, '2013-06-28', 1, 'discount 10%', '2013-06-14 16:58:45', 4, 4),
(1008, '77Trk5sub52a4', 10, '2013-06-28', 1, 'discount 10%', '2013-06-14 16:58:45', 4, 4),
(1009, '7b#@86H4I3w5e', 10, '2013-06-28', 1, 'discount 10%', '2013-06-14 16:58:45', 4, 4),
(1010, '7Ms9g4UzWp5e4', 10, '2013-06-28', 1, 'discount 10%', '2013-06-14 16:58:45', 4, 4),
(1011, '7FeE6045e6512o', 10, '2013-06-28', 1, 'discount 10%', '2013-06-14 16:58:45', 4, 4);

-- --------------------------------------------------------

--
-- Table structure for table `coupon_log`
--

CREATE TABLE IF NOT EXISTS `coupon_log` (
  `coupon_id` int(11) NOT NULL,
  `use_course_id` int(11) NOT NULL,
  `used_time` datetime NOT NULL,
  `use_user_id` int(11) NOT NULL
) ENGINE=InnoDB DEFAULT CHARSET=utf8 COLLATE=utf8_unicode_ci;

-- --------------------------------------------------------

--
-- Table structure for table `course`
--

CREATE TABLE IF NOT EXISTS `course` (
  `id` int(11) NOT NULL AUTO_INCREMENT,
  `name` varchar(500) COLLATE utf8_unicode_ci NOT NULL,
  `name_th` varchar(500) COLLATE utf8_unicode_ci NOT NULL,
  `tag` varchar(20) COLLATE utf8_unicode_ci NOT NULL,
  `description` text COLLATE utf8_unicode_ci,
  `about` text COLLATE utf8_unicode_ci NOT NULL,
  `price` int(5) NOT NULL,
  `course_img` varchar(1000) COLLATE utf8_unicode_ci DEFAULT NULL,
  `course_status` tinyint(1) NOT NULL,
  `user_id` int(11) NOT NULL,
  `commission` int(11) NOT NULL,
  `duration` tinyint(5) DEFAULT NULL,
  `is_public` tinyint(1) NOT NULL DEFAULT '1',
  PRIMARY KEY (`id`),
  KEY `idx_user_id` (`user_id`)
) ENGINE=InnoDB  DEFAULT CHARSET=utf8 COLLATE=utf8_unicode_ci AUTO_INCREMENT=5 ;

--
-- Dumping data for table `course`
--

INSERT INTO `course` (`id`, `name`, `name_th`, `tag`, `description`, `about`, `price`, `course_img`, `course_status`, `user_id`, `commission`, `duration`, `is_public`) VALUES
(1, '1', '1', '1', '1', '1', 1, '1', 1, 1, 1, 1, 1),
(2, 'yii framework', 'yii framework', 'program', '<p>test coursecreek application.</p>\r\n', 'programe', 200, 'm862kxhr5fjuyl9wo0ie17vctn3dabqpsz4g_darkwood_floor_1920x1200.jpg', 0, 1, 0, NULL, 1),
(3, 'Test', 'Test', 'Test', '<p>Test<span id="pastemarkerend">&nbsp;</span><br>\r\n\r\n</p>\r\n', 'Test', 200, '', 1, 1, 0, NULL, 1),
(4, 'Algorithm', 'อัลกอริทึม', 'program', '<p style="margin: 0.4em 0px 0.5em;">In&nbsp;<a href="http://en.wikipedia.org/wiki/Mathematics" title="Mathematics" style="text-decoration: none; color: rgb(11, 0, 128); background-image: none; background-position: initial initial; background-repeat: initial initial;">mathematics</a>&nbsp;and&nbsp;<a href="http://en.wikipedia.org/wiki/Computer_science" title="Computer science" style="text-decoration: none; color: rgb(11, 0, 128); background-image: none; background-position: initial initial; background-repeat: initial initial;">computer science</a>, an&nbsp;<b>algorithm</b>&nbsp; is a step-by-step procedure for calculations. Algorithms are used for&nbsp;<a href="http://en.wikipedia.org/wiki/Calculation" title="Calculation" style="text-decoration: none; color: rgb(11, 0, 128); background-image: none; background-position: initial initial; background-repeat: initial initial;">calculation</a>,&nbsp;<a href="http://en.wikipedia.org/wiki/Data_processing" title="Data processing" style="text-decoration: none; color: rgb(11, 0, 128); background-image: none; background-position: initial initial; background-repeat: initial initial;">data processing</a>, and&nbsp;<a href="http://en.wikipedia.org/wiki/Automated_reasoning" title="Automated reasoning" style="text-decoration: none; color: rgb(11, 0, 128); background-image: none; background-position: initial initial; background-repeat: initial initial;">automated reasoning</a>.</p>\r\n', 'programe', 1000, 'vyp2lnrsjxbd9q534w7mitu8k6zo0eacfhg1_think_for_yourself_by_pincel3d.jpg', 0, 4, 0, NULL, 1);

-- --------------------------------------------------------

--
-- Table structure for table `exercise`
--

CREATE TABLE IF NOT EXISTS `exercise` (
  `id` int(11) NOT NULL AUTO_INCREMENT,
  `content_id` int(11) NOT NULL,
  `qty_show` int(2) NOT NULL DEFAULT '10',
  `is_random` tinyint(1) NOT NULL,
  PRIMARY KEY (`id`),
  KEY `idx_content_id` (`content_id`)
) ENGINE=InnoDB  DEFAULT CHARSET=utf8 COLLATE=utf8_unicode_ci AUTO_INCREMENT=5 ;

--
-- Dumping data for table `exercise`
--

INSERT INTO `exercise` (`id`, `content_id`, `qty_show`, `is_random`) VALUES
(1, 9, 2, 0),
(2, 12, 2, 0),
(3, 31, 3, 0),
(4, 32, 2, 0);

-- --------------------------------------------------------

--
-- Table structure for table `exercise_answer_choice`
--

CREATE TABLE IF NOT EXISTS `exercise_answer_choice` (
  `id` int(11) NOT NULL AUTO_INCREMENT,
  `answer` varchar(1000) COLLATE utf8_unicode_ci NOT NULL,
  `is_true` tinyint(1) NOT NULL,
  `question_id` int(11) NOT NULL,
  PRIMARY KEY (`id`),
  KEY `idx_question_id` (`question_id`)
) ENGINE=InnoDB  DEFAULT CHARSET=utf8 COLLATE=utf8_unicode_ci AUTO_INCREMENT=16 ;

--
-- Dumping data for table `exercise_answer_choice`
--

INSERT INTO `exercise_answer_choice` (`id`, `answer`, `is_true`, `question_id`) VALUES
(1, 'true', 1, 1),
(2, 'false', 0, 1),
(3, 'ถูก', 1, 3),
(4, 'ผิด', 0, 3),
(5, 'a', 1, 5),
(6, 'b', 0, 5),
(7, 'c', 0, 5),
(8, 'd', 0, 5),
(9, 'a', 1, 7),
(10, 'b', 0, 7),
(11, 'c', 0, 7),
(12, 'd', 0, 7),
(13, 'aa', 1, 8),
(14, 'bb', 0, 8),
(15, 'cc', 0, 8);

-- --------------------------------------------------------

--
-- Table structure for table `exercise_choice_score`
--

CREATE TABLE IF NOT EXISTS `exercise_choice_score` (
  `id` int(11) NOT NULL AUTO_INCREMENT,
  `answer_id` int(11) NOT NULL,
  `question_id` int(11) NOT NULL,
  `user_id` int(11) NOT NULL,
  `do_time` datetime NOT NULL,
  `is_true` tinyint(1) NOT NULL,
  PRIMARY KEY (`id`)
) ENGINE=InnoDB  DEFAULT CHARSET=utf8 COLLATE=utf8_unicode_ci AUTO_INCREMENT=8 ;

--
-- Dumping data for table `exercise_choice_score`
--

INSERT INTO `exercise_choice_score` (`id`, `answer_id`, `question_id`, `user_id`, `do_time`, `is_true`) VALUES
(1, 1, 1, 2, '2013-06-14 10:11:39', 1),
(2, 1, 1, 2, '2013-06-14 10:12:01', 1),
(6, 7, 5, 2, '2013-06-14 16:08:26', 0),
(7, 14, 8, 2, '2013-06-14 17:00:53', 0);

-- --------------------------------------------------------

--
-- Table structure for table `exercise_question`
--

CREATE TABLE IF NOT EXISTS `exercise_question` (
  `id` int(11) NOT NULL AUTO_INCREMENT,
  `question` text COLLATE utf8_unicode_ci NOT NULL,
  `show_order` tinyint(2) NOT NULL DEFAULT '1',
  `type` tinyint(1) NOT NULL DEFAULT '1',
  `exercise_id` int(11) NOT NULL,
  PRIMARY KEY (`id`),
  KEY `idx_exercise_id` (`exercise_id`)
) ENGINE=InnoDB  DEFAULT CHARSET=utf8 COLLATE=utf8_unicode_ci AUTO_INCREMENT=10 ;

--
-- Dumping data for table `exercise_question`
--

INSERT INTO `exercise_question` (`id`, `question`, `show_order`, `type`, `exercise_id`) VALUES
(1, '<p>Choice Question 1<br>\r\n</p>\r\n', 1, 1, 1),
(2, '<p>TextQuestion (TypeA)inblank __<br>\r\n</p>\r\n', 2, 2, 1),
(3, '<p>คำถามที่หนึ่ง</p>\r\n', 1, 1, 2),
(4, '<p>คำถามที่สอง __</p>\r\n', 2, 2, 2),
(5, '<p>Which is correct?<br>\r\n</p>\r\n', 1, 1, 3),
(6, '<p>Please fill in the blank __.<br>\r\n</p>\r\n', 2, 2, 3),
(7, '<p>Test?</p>\r\n', 3, 1, 3),
(8, '<p>Which one is correct?<br>\r\n</p>\r\n', 1, 1, 4),
(9, '<p>Please fill in this __ . And this one is __ .<br>\r\n</p>\r\n', 2, 2, 4);

-- --------------------------------------------------------

--
-- Table structure for table `exercise_stat`
--

CREATE TABLE IF NOT EXISTS `exercise_stat` (
  `id` int(11) NOT NULL AUTO_INCREMENT,
  `exercise_id` int(11) NOT NULL,
  `user_id` int(11) NOT NULL,
  `do_time` datetime NOT NULL,
  `qty_question` int(3) NOT NULL,
  `qty_correct` int(3) NOT NULL,
  `question_list` varchar(300) COLLATE utf8_unicode_ci DEFAULT NULL,
  PRIMARY KEY (`id`)
) ENGINE=InnoDB  DEFAULT CHARSET=utf8 COLLATE=utf8_unicode_ci AUTO_INCREMENT=8 ;

--
-- Dumping data for table `exercise_stat`
--

INSERT INTO `exercise_stat` (`id`, `exercise_id`, `user_id`, `do_time`, `qty_question`, `qty_correct`, `question_list`) VALUES
(2, 1, 2, '2013-06-14 10:12:01', 2, 1, '1,2'),
(3, 1, 2, '2013-06-14 10:47:59', 2, 0, '1,2'),
(4, 1, 2, '2013-06-14 12:00:41', 2, 0, '1,2'),
(5, 1, 2, '2013-06-14 14:06:52', 2, 0, '1,2'),
(6, 3, 2, '2013-06-14 16:08:26', 1, 0, '5'),
(7, 4, 2, '2013-06-14 17:00:53', 2, 0, '8,9');

-- --------------------------------------------------------

--
-- Table structure for table `exercise_text_answer`
--

CREATE TABLE IF NOT EXISTS `exercise_text_answer` (
  `id` int(11) NOT NULL AUTO_INCREMENT,
  `answer` varchar(1000) COLLATE utf8_unicode_ci NOT NULL,
  `question_id` int(11) NOT NULL,
  `sequence` int(2) NOT NULL DEFAULT '1',
  PRIMARY KEY (`id`),
  KEY `idx_question_id` (`question_id`)
) ENGINE=InnoDB  DEFAULT CHARSET=utf8 COLLATE=utf8_unicode_ci AUTO_INCREMENT=6 ;

--
-- Dumping data for table `exercise_text_answer`
--

INSERT INTO `exercise_text_answer` (`id`, `answer`, `question_id`, `sequence`) VALUES
(1, 'A', 2, 1),
(2, 'test', 4, 1),
(3, 'a', 6, 1),
(4, 'A', 9, 1),
(5, 'B', 9, 2);

-- --------------------------------------------------------

--
-- Table structure for table `exercise_text_score`
--

CREATE TABLE IF NOT EXISTS `exercise_text_score` (
  `id` int(11) NOT NULL AUTO_INCREMENT,
  `question_id` int(11) NOT NULL,
  `answer` varchar(3000) COLLATE utf8_unicode_ci DEFAULT NULL,
  `user_id` int(11) NOT NULL,
  `do_time` datetime NOT NULL,
  `sequence` tinyint(3) NOT NULL DEFAULT '1',
  `is_true` tinyint(1) NOT NULL,
  PRIMARY KEY (`id`)
) ENGINE=InnoDB  DEFAULT CHARSET=utf8 COLLATE=utf8_unicode_ci AUTO_INCREMENT=8 ;

--
-- Dumping data for table `exercise_text_score`
--

INSERT INTO `exercise_text_score` (`id`, `question_id`, `answer`, `user_id`, `do_time`, `sequence`, `is_true`) VALUES
(1, 2, 'A', 2, '2013-06-14 10:11:39', 1, 1),
(2, 2, 'B', 2, '2013-06-14 10:12:01', 1, 0),
(3, 2, 'B', 2, '2013-06-14 10:47:59', 1, 0),
(4, 2, 'B', 2, '2013-06-14 12:00:41', 1, 0),
(5, 2, 'B', 2, '2013-06-14 14:06:52', 1, 0),
(6, 9, 'Z', 2, '2013-06-14 17:00:53', 1, 0),
(7, 9, 'C', 2, '2013-06-14 17:00:53', 2, 0);

-- --------------------------------------------------------

--
-- Table structure for table `file`
--

CREATE TABLE IF NOT EXISTS `file` (
  `id` int(11) NOT NULL AUTO_INCREMENT,
  `name` varchar(1000) COLLATE utf8_unicode_ci NOT NULL,
  `original_name` varchar(1000) COLLATE utf8_unicode_ci NOT NULL,
  `user_id` int(11) NOT NULL,
  `type` varchar(100) COLLATE utf8_unicode_ci NOT NULL,
  `create_at` datetime NOT NULL,
  PRIMARY KEY (`id`),
  KEY `idx_user_id` (`user_id`)
) ENGINE=InnoDB  DEFAULT CHARSET=utf8 COLLATE=utf8_unicode_ci AUTO_INCREMENT=74 ;

--
-- Dumping data for table `file`
--

INSERT INTO `file` (`id`, `name`, `original_name`, `user_id`, `type`, `create_at`) VALUES
(10, 'coursecreekhe2es0a5rpnoeemrq5uc0insbuneo6wxzkjldayk6e3rrcgtufgv43acodeschool_303.mp4', 'codeschool_303.mp4', 1, 'video', '2013-06-13 18:16:51'),
(12, 'bgxd6o5e3rscnuet6vq0irsn2ufcewkehgzra4l5ryepuaakno03jme_2.mp4', '2.mp4', 1, 'video', '2013-06-14 09:48:43'),
(29, 'aag65n0ionzq3efcourrsecreek_1280x1024_keroro01.jpg', '1280x1024_keroro01.jpg', 1, 'image', '2013-06-14 13:44:21'),
(30, 'coursecreekkrhag7a6e2l3zeucodeschool_303.mp4', 'codeschool_303.mp4', 1, 'video', '2013-06-14 13:47:15'),
(33, 'coursecreeknezdol5ut5r6gbea0042aj3eeneeyunkrqicgoxusfcakv6mwprshr3.mpeg', 'ชิด (Close) - Ten To Twelve.mp3', 1, 'audio', '2013-06-14 13:52:18'),
(34, 'a5yb5rzagq0eoswcourrsecreek_q.jpg', 'q.jpg', 1, 'image', '2013-06-14 13:53:02'),
(35, 'coursecreek8seup5tu9ef2rvw3.mp4', '3.mp4', 1, 'video', '2013-06-14 13:57:47'),
(38, '4asgk0a0hneitrncourrsecreek_darkwood_floor_1920x1200.jpg', 'darkwood_floor_1920x1200.jpg', 1, 'image', '2013-06-14 14:02:43'),
(39, 'coursecreek_qnn2uz6ykmaetofl0p34urebdk3rcjihewn6exsacoegua5ge50rsrv_darkwood_floor_1920x1200.jpg', 'darkwood_floor_1920x1200.jpg', 1, 'file_link', '2013-06-14 14:11:38'),
(41, 'coursecreek_5xeahek0ud0ren3rrqceagneuukamz65lovwn3go26fyicjtessp4rb_1_slides_algo-intro-annotated-final.pdf', '1_slides_algo-intro-annotated-final.pdf', 4, 'file_link', '2013-06-14 14:58:18'),
(42, '5dnewpjgve33nua0ek0eezhaik2clsxtrmboueornqr45c6yusrgf6a_recoded_videos_[4ddd9229]intronew1.mp4', 'recoded_videos_[4ddd9229] intronew1.mp4', 4, 'video', '2013-06-14 14:59:08'),
(43, 'coursecreek_nh6ucapn5reorcormen5agqesfg230bv0uyr4j3dukwaeleiex6kszt_2_slides_algo-about-annotated.pdf', '2_slides_algo-about-annotated.pdf', 4, 'file_link', '2013-06-14 15:04:02'),
(44, 'ekkrvj6oi3ets0gnexer5rr6wlb4nnsza50doyueechaf3aump2cugq_2_recoded_videos_[420f432a]about.mp4', '2_recoded_videos_[420f432a] about.mp4', 4, 'video', '2013-06-14 15:04:05'),
(45, 'coursecreek_u3bo4coumwggee2arcq65f0xsavdslpektur65enneiz3yhne0jarkr_slides_algo-merge2-annotated.pptx', 'slides_algo-merge2-annotated.pptx', 4, 'file_link', '2013-06-14 15:06:23'),
(46, 'coursecreek_y3eomae4e0pgaes0dhkxuigcrenkbe66uurvza25lqrcowjfn35tsnr_slides_algo-merge1-annotated.pptx', 'slides_algo-merge1-annotated.pptx', 4, 'file_link', '2013-06-14 15:07:43'),
(47, 'coursecreek_qlnne0ujuz4crmay6b5irf3k32kw6oaggvernc0dapxtoseeeru5she_3_slides_algo-merge1.pdf', '3_slides_algo-merge1.pdf', 4, 'file_link', '2013-06-14 15:07:59'),
(48, 'sv6zk4et55uaekrrio0snngwrugnyfbejclep0axehqm336ceau2odr_3_recoded_videos_[acb6fdb6]Merge1.mp4', '3_recoded_videos_[acb6fdb6] Merge1.mp4', 4, 'video', '2013-06-14 15:08:10'),
(49, 'coursecreek_3wr4g0af6mu5u3lxkbcneerjit5zpd6oqehaeacees0rkvusnrgnyo2_4_slides_algo-merge2.pdf', '4_slides_algo-merge2.pdf', 4, 'file_link', '2013-06-14 15:10:02'),
(50, 'yucaehl3bpqovjzrst25anfxea3ee4ews6cgn5ro6rdn0g0uirmkkue_4_recoded_videos_[f0ba6cfb]MergeSort-2.mp4', '4_recoded_videos_[f0ba6cfb] MergeSort-2.mp4', 4, 'video', '2013-06-14 15:10:12'),
(51, 'coursecreek_fotrar5ognpeu40ye3lmedxgrw6n3rsz0uasan5ve2keecq6ukjbich_4_slides_algo-merge2.pdf', '4_slides_algo-merge2.pdf', 4, 'file_link', '2013-06-14 15:12:56'),
(52, 'coursecreek_skeennatg04eequjgc5rsma3ohx56uiczalubd3oe6enfrr0vywp2kr_slides_algo-merge2-annotated.pptx', 'slides_algo-merge2-annotated.pptx', 4, 'file_link', '2013-06-14 15:13:11'),
(53, 'r50z2uwv0rogafnarctq3md6sk6jiashlyeeugxnnp4erbe35keeouc_4_recoded_videos_[f0ba6cfb]MergeSort-2.mp4', '4_recoded_videos_[f0ba6cfb] MergeSort-2.mp4', 4, 'video', '2013-06-14 15:13:46'),
(54, 'coursecreek_xhs0jnogkaem0wnepres6grlotzqiber4255yefre3ucvak36ucdaun_1_slides_algo-asymptotic1.pdf', '1_slides_algo-asymptotic1.pdf', 4, 'file_link', '2013-06-14 15:17:12'),
(55, '5rieworh6oas3pejaknzf2e63engxsyukldru4me5cugr0ec0btaqnv_1_recoded_videos_[9363e14b]Asymptotic-1.mp4', '1_recoded_videos_[9363e14b] Asymptotic-1.mp4', 4, 'video', '2013-06-14 15:17:18'),
(56, 'coursecreek_m3opj60xwserneegkhanobaevuduu4255ek6faiqlgy0nretcrr3scz_2_slides_algo-asymptotic2.pdf', '2_slides_algo-asymptotic2.pdf', 4, 'file_link', '2013-06-14 15:21:38'),
(57, 'dnxt3hqus4e26ely0vwfpc6uer5krneo5aeubkaao3sgnzjgmcirer0_2_recoded_videos_[fef80a6f]Asymptotic-2.mp4', '2_recoded_videos_[fef80a6f] Asymptotic-2.mp4', 4, 'video', '2013-06-14 15:21:42'),
(58, 'coursecreek_u0qygkswu5zrrxpee6eafasg6kmae30rdr3nu4ovbhe2eloi5tccnjn_3_slides_algo-asymptotic3.pdf', '3_slides_algo-asymptotic3.pdf', 4, 'file_link', '2013-06-14 15:24:10'),
(59, '6gees6xocio3vtgfsan0032ademuejr5eyuhrlr4nk5pwrbcnuqeazk_3_recoded_videos_[a2b50dd2]asymptotic3.mp4', '3_recoded_videos_[a2b50dd2] asymptotic3.mp4', 4, 'video', '2013-06-14 15:24:13'),
(60, 'coursecreek_0fuautwnmepxa3lirngve5rc4kaneouc6z6syq2dbhjs5eg3eroe0rk_4_slides_algo-asymptotic4.pdf', '4_slides_algo-asymptotic4.pdf', 4, 'file_link', '2013-06-14 15:25:43'),
(61, 's6eu4xahvqennarkgnbejycetsr6uldu0op2z053ekcwmioegr3af5r_4_recoded_videos_[30f71e6d]Asymptotic-4.mp4', '4_recoded_videos_[30f71e6d] Asymptotic-4.mp4', 4, 'video', '2013-06-14 15:25:51'),
(62, 'coursecreek_be0zvqenprucunic4sfj3t36myg5rn6k0gedrxuele5a2woakaorseh_1_slides_algo-asymptotic1.pdf', '1_slides_algo-asymptotic1.pdf', 4, 'file_link', '2013-06-14 15:29:35'),
(63, 'nbzerlvnkes2r40docou3hcwejyunikmq05eg5rstruaxea3a6e6gfp_1_recoded_videos_[9363e14b]Asymptotic-1.mp4', '1_recoded_videos_[9363e14b] Asymptotic-1.mp4', 4, 'video', '2013-06-14 15:29:40'),
(64, 'coursecreek_zgl5ct5oy3kpvr0xaean0ikcefwuuseh6ndum2oqree4bars3rgnej6_2_slides_algo-asymptotic2.pdf', '2_slides_algo-asymptotic2.pdf', 4, 'file_link', '2013-06-14 15:30:46'),
(65, 'eeaa3u3rhnarcploeu4euqf0xtrk2bgdeer6noc56z5igykj0ssnvmw_2_recoded_videos_[fef80a6f]Asymptotic-2.mp4', '2_recoded_videos_[fef80a6f] Asymptotic-2.mp4', 4, 'video', '2013-06-14 15:30:50'),
(66, 'coursecreek_epgrnbdohuakcaxaknse50jolw60ueznvig3ce32rresy4ef5qrmut6_1_slides_algo-inversions1.pdf', '1_slides_algo-inversions1.pdf', 4, 'file_link', '2013-06-14 15:33:36'),
(67, 'r4wpeoegqsbmjk6lyonuenghar2ic5c063tenkerd5xavrfsue3az0u_1_recoded_videos_[6c8826df]inversion1.mp4', '1_recoded_videos_[6c8826df] inversion1.mp4', 4, 'video', '2013-06-14 15:33:42'),
(68, 'coursecreek_amef0ehnua4rudekol32griywnrb0v6gzekncsxo55e6re3upqsjtca_3_slides_algo-strassen.pdf', '3_slides_algo-strassen.pdf', 4, 'file_link', '2013-06-14 15:36:09'),
(69, 'ho2f6sxcbdjueronygwak6uuqe5te40npmlecesarrrn03ei53vkazg_3_recoded_videos_[817a61fb]strassen.mp4', '3_recoded_videos_[817a61fb] strassen.mp4', 4, 'video', '2013-06-14 15:36:27'),
(70, 'coursecreek_l3r6yranzkhuue0edgbnuek2osavic3fpeocwj5ns506mgrxqe4tera_4_slides_algo-closest1.pdf', '4_slides_algo-closest1.pdf', 4, 'file_link', '2013-06-14 15:39:47'),
(71, 'n60r2pc6nrmuuhglkokdq0yteif5esezao5jena3g4eresubcavx3rw_4_recoded_videos_[6205bb78]Closest.mp4', '4_recoded_videos_[6205bb78] Closest.mp4', 4, 'video', '2013-06-14 15:39:53'),
(72, 'coursecreek_nsrakgpeamzrfghe2vei5rrqn3y5duuate0uxes463o0c6cjkelwobn_5_slides_algo-closest2.pdf', '5_slides_algo-closest2.pdf', 4, 'file_link', '2013-06-14 15:43:41'),
(73, '0egisfkau02ex5onorwr4aezcdrnae6ucvetkuqgpnremlb3hjy65s3_5_recoded_videos_[d8007fb2]Closest-2.mp4', '5_recoded_videos_[d8007fb2] Closest-2.mp4', 4, 'video', '2013-06-14 15:43:49');

-- --------------------------------------------------------

--
-- Table structure for table `file_content`
--

CREATE TABLE IF NOT EXISTS `file_content` (
  `id` int(11) NOT NULL AUTO_INCREMENT,
  `file_id` int(11) NOT NULL,
  `content_id` int(11) NOT NULL,
  PRIMARY KEY (`id`),
  KEY `idx_file_id` (`file_id`),
  KEY `idx_content_id` (`content_id`)
) ENGINE=InnoDB DEFAULT CHARSET=utf8 COLLATE=utf8_unicode_ci AUTO_INCREMENT=1 ;

-- --------------------------------------------------------

--
-- Table structure for table `relate_course`
--

CREATE TABLE IF NOT EXISTS `relate_course` (
  `id` int(11) NOT NULL AUTO_INCREMENT,
  `course_id` int(11) NOT NULL,
  `before_course` varchar(100) COLLATE utf8_unicode_ci DEFAULT NULL,
  `after_course` varchar(100) COLLATE utf8_unicode_ci DEFAULT NULL,
  PRIMARY KEY (`id`)
) ENGINE=InnoDB  DEFAULT CHARSET=utf8 COLLATE=utf8_unicode_ci AUTO_INCREMENT=2 ;

--
-- Dumping data for table `relate_course`
--

INSERT INTO `relate_course` (`id`, `course_id`, `before_course`, `after_course`) VALUES
(1, 2, '3,4', '3,4');

-- --------------------------------------------------------

--
-- Stand-in structure for view `stat_user_study`
--
CREATE TABLE IF NOT EXISTS `stat_user_study` (
`content_has_studied` bigint(21)
,`user_id` int(11)
,`course_id` int(11)
);
-- --------------------------------------------------------

--
-- Table structure for table `tbl_migration`
--

CREATE TABLE IF NOT EXISTS `tbl_migration` (
  `version` varchar(255) COLLATE utf8_unicode_ci NOT NULL,
  `apply_time` int(11) DEFAULT NULL,
  PRIMARY KEY (`version`)
) ENGINE=InnoDB DEFAULT CHARSET=utf8 COLLATE=utf8_unicode_ci;

--
-- Dumping data for table `tbl_migration`
--

INSERT INTO `tbl_migration` (`version`, `apply_time`) VALUES
('m000000_000000_base', 1371108007),
('m130603_075539_create_project_table', 1371108015);

-- --------------------------------------------------------

--
-- Table structure for table `tbl_profiles`
--

CREATE TABLE IF NOT EXISTS `tbl_profiles` (
  `user_id` int(11) NOT NULL AUTO_INCREMENT,
  `lastname` varchar(50) COLLATE utf8_unicode_ci NOT NULL,
  `firstname` varchar(50) COLLATE utf8_unicode_ci NOT NULL,
  `detail` varchar(3000) COLLATE utf8_unicode_ci DEFAULT NULL,
  `photo` varchar(500) COLLATE utf8_unicode_ci DEFAULT NULL,
  PRIMARY KEY (`user_id`),
  KEY `idx_user_id` (`user_id`)
) ENGINE=InnoDB  DEFAULT CHARSET=utf8 COLLATE=utf8_unicode_ci AUTO_INCREMENT=5 ;

--
-- Dumping data for table `tbl_profiles`
--

INSERT INTO `tbl_profiles` (`user_id`, `lastname`, `firstname`, `detail`, `photo`) VALUES
(1, 'Tester', '', '', 'nwektvgr78suc3efexodq8i4a1o25m8br09urhykcjz6le8sp_q009-q1.jpg'),
(2, '', '', '', 'bziog5fce947sl8vup3wtek816roq8rhyern8ksc0ajuemd2x_black_wood-wallpaper-1920x1080.jpg'),
(3, '', '', NULL, NULL),
(4, 'C.', 'Supasate', 'Supasate Choochaisri is an instructor from Chulalongkorn University.', 'v2hkem510cafdr3gjx8que4wreoscsy68upoblk7tn988zeri_yuyu.jpg');

-- --------------------------------------------------------

--
-- Table structure for table `tbl_profiles_fields`
--

CREATE TABLE IF NOT EXISTS `tbl_profiles_fields` (
  `id` int(11) NOT NULL AUTO_INCREMENT,
  `varname` varchar(50) COLLATE utf8_unicode_ci NOT NULL,
  `title` varchar(255) COLLATE utf8_unicode_ci NOT NULL,
  `field_type` varchar(50) COLLATE utf8_unicode_ci NOT NULL,
  `field_size` varchar(15) COLLATE utf8_unicode_ci NOT NULL DEFAULT '0',
  `field_size_min` varchar(15) COLLATE utf8_unicode_ci NOT NULL DEFAULT '0',
  `required` int(1) NOT NULL,
  `match` varchar(255) COLLATE utf8_unicode_ci NOT NULL,
  `range` varchar(255) COLLATE utf8_unicode_ci NOT NULL,
  `error_message` varchar(255) COLLATE utf8_unicode_ci NOT NULL,
  `other_validator` varchar(5000) COLLATE utf8_unicode_ci NOT NULL,
  `default` varchar(255) COLLATE utf8_unicode_ci NOT NULL,
  `widget` varchar(255) COLLATE utf8_unicode_ci NOT NULL,
  `widgetparams` varchar(5000) COLLATE utf8_unicode_ci NOT NULL,
  `position` int(3) NOT NULL,
  `visible` int(1) NOT NULL,
  PRIMARY KEY (`id`)
) ENGINE=InnoDB DEFAULT CHARSET=utf8 COLLATE=utf8_unicode_ci AUTO_INCREMENT=1 ;

-- --------------------------------------------------------

--
-- Table structure for table `tbl_users`
--

CREATE TABLE IF NOT EXISTS `tbl_users` (
  `id` int(11) NOT NULL AUTO_INCREMENT,
  `username` varchar(128) COLLATE utf8_unicode_ci NOT NULL,
  `password` varchar(128) COLLATE utf8_unicode_ci NOT NULL,
  `email` varchar(128) COLLATE utf8_unicode_ci NOT NULL,
  `activkey` varchar(128) COLLATE utf8_unicode_ci NOT NULL,
  `create_at` timestamp NOT NULL DEFAULT CURRENT_TIMESTAMP ON UPDATE CURRENT_TIMESTAMP,
  `lastvisit` timestamp NOT NULL DEFAULT '0000-00-00 00:00:00',
  `superuser` int(1) NOT NULL,
  `status` int(1) NOT NULL,
  PRIMARY KEY (`id`)
) ENGINE=InnoDB  DEFAULT CHARSET=utf8 COLLATE=utf8_unicode_ci AUTO_INCREMENT=5 ;

--
-- Dumping data for table `tbl_users`
--

INSERT INTO `tbl_users` (`id`, `username`, `password`, `email`, `activkey`, `create_at`, `lastvisit`, `superuser`, `status`) VALUES
(1, 'gunsarun@gmail.com', 'd54d1702ad0f8326224b817c796763c9', 'gunsarun@gmail.com', '6708d7e610b1ae6ca41e32022b6d41e8', '2013-06-13 07:28:00', '2013-06-17 03:14:24', 0, 1),
(2, 'gun@gmail.com', 'd54d1702ad0f8326224b817c796763c9', 'gun@gmail.com', '286931beb44426f68f3ebbde3b9daa16', '2013-06-14 03:04:40', '2013-06-14 11:07:22', 0, 1),
(3, 'test@gmail.com', 'd54d1702ad0f8326224b817c796763c9', 'test@gmail.com', 'b6afd6efcb1cfb8f534d7d9b6de660a3', '2013-06-14 07:08:01', '0000-00-00 00:00:00', 0, 1),
(4, 'ping@gmail.com', 'd54d1702ad0f8326224b817c796763c9', 'ping@gmail.com', 'fa346fcb82f827f56e82a74ce94957c7', '2013-06-14 07:48:37', '2013-06-14 09:53:23', 0, 1);

-- --------------------------------------------------------

--
-- Table structure for table `user_content_log`
--

CREATE TABLE IF NOT EXISTS `user_content_log` (
  `id` int(11) NOT NULL AUTO_INCREMENT,
  `content_id` int(11) NOT NULL,
  `user_id` int(11) NOT NULL,
  `study_time` datetime NOT NULL,
  `course_id` int(11) NOT NULL,
  PRIMARY KEY (`id`),
  KEY `idx_content_id` (`content_id`),
  KEY `idx_user_id` (`user_id`)
) ENGINE=InnoDB  DEFAULT CHARSET=utf8 COLLATE=utf8_unicode_ci AUTO_INCREMENT=18 ;

--
-- Dumping data for table `user_content_log`
--

INSERT INTO `user_content_log` (`id`, `content_id`, `user_id`, `study_time`, `course_id`) VALUES
(3, 8, 2, '2013-06-14 14:05:59', 2),
(5, 9, 2, '2013-06-14 14:06:38', 2),
(6, 8, 3, '2013-06-14 14:08:41', 2),
(7, 14, 2, '2013-06-14 18:08:01', 4),
(8, 16, 2, '2013-06-14 16:04:18', 4),
(9, 18, 2, '2013-06-14 16:04:11', 4),
(10, 15, 2, '2013-06-14 17:01:26', 4),
(11, 20, 2, '2013-06-14 16:10:19', 4),
(12, 21, 2, '2013-06-14 16:04:35', 4),
(13, 22, 2, '2013-06-14 16:04:38', 4),
(14, 23, 2, '2013-06-14 16:04:40', 4),
(15, 31, 2, '2013-06-14 16:10:22', 4),
(16, 32, 2, '2013-06-14 17:00:57', 4),
(17, 17, 2, '2013-06-14 17:01:41', 4);

-- --------------------------------------------------------

--
-- Table structure for table `user_course`
--

CREATE TABLE IF NOT EXISTS `user_course` (
  `id` int(11) NOT NULL AUTO_INCREMENT,
  `user_id` int(11) NOT NULL,
  `course_id` int(11) NOT NULL,
  `role` tinyint(1) NOT NULL DEFAULT '1',
  `create_date` datetime DEFAULT NULL,
  PRIMARY KEY (`id`),
  KEY `idx_user_id` (`user_id`),
  KEY `idx_course_id` (`course_id`)
) ENGINE=InnoDB  DEFAULT CHARSET=utf8 COLLATE=utf8_unicode_ci AUTO_INCREMENT=8 ;

--
-- Dumping data for table `user_course`
--

INSERT INTO `user_course` (`id`, `user_id`, `course_id`, `role`, `create_date`) VALUES
(1, 1, 2, 1, NULL),
(2, 2, 2, 3, '2013-06-14 10:06:22'),
(3, 3, 2, 3, '2013-06-14 14:08:41'),
(4, 1, 3, 1, NULL),
(5, 2, 3, 3, '2013-06-14 14:46:03'),
(6, 4, 4, 1, NULL),
(7, 2, 4, 3, '2013-06-14 15:11:58');

-- --------------------------------------------------------

--
-- Table structure for table `user_file`
--

CREATE TABLE IF NOT EXISTS `user_file` (
  `id` int(11) NOT NULL AUTO_INCREMENT,
  `name` varchar(1000) COLLATE utf8_unicode_ci NOT NULL,
  `original_name` varchar(2000) COLLATE utf8_unicode_ci NOT NULL,
  `type` varchar(100) COLLATE utf8_unicode_ci NOT NULL,
  `user_id` int(11) NOT NULL,
  `create_at` datetime NOT NULL,
  PRIMARY KEY (`id`)
) ENGINE=InnoDB DEFAULT CHARSET=utf8 COLLATE=utf8_unicode_ci AUTO_INCREMENT=1 ;

-- --------------------------------------------------------

--
-- Table structure for table `user_permission`
--

CREATE TABLE IF NOT EXISTS `user_permission` (
  `id` int(11) NOT NULL AUTO_INCREMENT,
  `user_id` int(11) NOT NULL,
  `can_create_course` int(11) NOT NULL,
  PRIMARY KEY (`id`),
  KEY `idx_user_id` (`user_id`)
) ENGINE=InnoDB  DEFAULT CHARSET=utf8 COLLATE=utf8_unicode_ci AUTO_INCREMENT=5 ;

--
-- Dumping data for table `user_permission`
--

INSERT INTO `user_permission` (`id`, `user_id`, `can_create_course`) VALUES
(1, 1, 1),
(2, 2, 0),
(3, 3, 0),
(4, 4, 1);

-- --------------------------------------------------------

--
-- Structure for view `content_info`
--
DROP TABLE IF EXISTS `content_info`;

CREATE ALGORITHM=UNDEFINED DEFINER=`root`@`localhost` SQL SECURITY DEFINER VIEW `content_info` AS select max(`content`.`course_id`) AS `course_id`,max(`course`.`name`) AS `course_name`,count(`content`.`id`) AS `number_of_content` from (`content` join `course` on((`content`.`course_id` = `course`.`id`))) where (`content`.`parent_id` <> -(1)) group by `content`.`course_id`;

-- --------------------------------------------------------

--
-- Structure for view `stat_user_study`
--
DROP TABLE IF EXISTS `stat_user_study`;

CREATE ALGORITHM=UNDEFINED DEFINER=`root`@`localhost` SQL SECURITY DEFINER VIEW `stat_user_study` AS select count(`user_content_log`.`content_id`) AS `content_has_studied`,max(`user_content_log`.`user_id`) AS `user_id`,max(`content`.`course_id`) AS `course_id` from (`user_content_log` join `content` on((`user_content_log`.`content_id` = `content`.`id`))) group by `user_content_log`.`course_id`;

--
-- Constraints for dumped tables
--

--
-- Constraints for table `content`
--
ALTER TABLE `content`
  ADD CONSTRAINT `content_ibfk_1` FOREIGN KEY (`course_id`) REFERENCES `course` (`id`) ON DELETE CASCADE ON UPDATE CASCADE;

--
-- Constraints for table `coupon`
--
ALTER TABLE `coupon`
  ADD CONSTRAINT `fk_coupon_course_course_id` FOREIGN KEY (`course_id`) REFERENCES `course` (`id`) ON DELETE NO ACTION ON UPDATE NO ACTION,
  ADD CONSTRAINT `fk_coupon_tbl_users_user_id` FOREIGN KEY (`user_id`) REFERENCES `tbl_users` (`id`) ON DELETE NO ACTION ON UPDATE NO ACTION;

--
-- Constraints for table `course`
--
ALTER TABLE `course`
  ADD CONSTRAINT `fk_course_tbl_users_user_id` FOREIGN KEY (`user_id`) REFERENCES `tbl_users` (`id`) ON DELETE NO ACTION ON UPDATE NO ACTION;

--
-- Constraints for table `exercise`
--
ALTER TABLE `exercise`
  ADD CONSTRAINT `fk_exercise_content_content_id` FOREIGN KEY (`content_id`) REFERENCES `content` (`id`) ON DELETE NO ACTION ON UPDATE NO ACTION;

--
-- Constraints for table `exercise_answer_choice`
--
ALTER TABLE `exercise_answer_choice`
  ADD CONSTRAINT `fk_exercise_answer_choice_exercise_question_question_id` FOREIGN KEY (`question_id`) REFERENCES `exercise_question` (`id`) ON DELETE NO ACTION ON UPDATE NO ACTION;

--
-- Constraints for table `exercise_question`
--
ALTER TABLE `exercise_question`
  ADD CONSTRAINT `fk_exercise_question_exercise_exercise_id` FOREIGN KEY (`exercise_id`) REFERENCES `exercise` (`id`) ON DELETE NO ACTION ON UPDATE NO ACTION;

--
-- Constraints for table `exercise_text_answer`
--
ALTER TABLE `exercise_text_answer`
  ADD CONSTRAINT `fk_exercise_text_answer_exercise_question_question_id` FOREIGN KEY (`question_id`) REFERENCES `exercise_question` (`id`) ON DELETE NO ACTION ON UPDATE NO ACTION;

--
-- Constraints for table `file`
--
ALTER TABLE `file`
  ADD CONSTRAINT `fk_file_tbl_users_user_id` FOREIGN KEY (`user_id`) REFERENCES `tbl_users` (`id`) ON DELETE NO ACTION ON UPDATE NO ACTION;

--
-- Constraints for table `file_content`
--
ALTER TABLE `file_content`
  ADD CONSTRAINT `fk_file_content_content_content_id` FOREIGN KEY (`content_id`) REFERENCES `content` (`id`) ON DELETE NO ACTION ON UPDATE NO ACTION,
  ADD CONSTRAINT `fk_file_content_file_file_id` FOREIGN KEY (`file_id`) REFERENCES `file` (`id`) ON DELETE NO ACTION ON UPDATE NO ACTION;

--
-- Constraints for table `tbl_profiles`
--
ALTER TABLE `tbl_profiles`
  ADD CONSTRAINT `fk_tbl_profiles_tbl_users_user_id` FOREIGN KEY (`user_id`) REFERENCES `tbl_users` (`id`) ON DELETE NO ACTION ON UPDATE NO ACTION;

--
-- Constraints for table `user_content_log`
--
ALTER TABLE `user_content_log`
  ADD CONSTRAINT `fk_user_content_log_tbl_users_user_id` FOREIGN KEY (`user_id`) REFERENCES `tbl_users` (`id`) ON DELETE NO ACTION ON UPDATE NO ACTION,
  ADD CONSTRAINT `user_content_log_ibfk_1` FOREIGN KEY (`content_id`) REFERENCES `content` (`id`) ON DELETE CASCADE ON UPDATE CASCADE;

--
-- Constraints for table `user_course`
--
ALTER TABLE `user_course`
  ADD CONSTRAINT `fk_user_course_course_course_id` FOREIGN KEY (`course_id`) REFERENCES `course` (`id`) ON DELETE NO ACTION ON UPDATE NO ACTION,
  ADD CONSTRAINT `fk_user_course_tbl_profiles_user_id` FOREIGN KEY (`user_id`) REFERENCES `tbl_profiles` (`user_id`) ON DELETE NO ACTION ON UPDATE NO ACTION;

--
-- Constraints for table `user_permission`
--
ALTER TABLE `user_permission`
  ADD CONSTRAINT `fk_user_permission_tbl_users_user_id` FOREIGN KEY (`user_id`) REFERENCES `tbl_users` (`id`) ON DELETE NO ACTION ON UPDATE NO ACTION;

/*!40101 SET CHARACTER_SET_CLIENT=@OLD_CHARACTER_SET_CLIENT */;
/*!40101 SET CHARACTER_SET_RESULTS=@OLD_CHARACTER_SET_RESULTS */;
/*!40101 SET COLLATION_CONNECTION=@OLD_COLLATION_CONNECTION */;
